Chain_name,Chain_num,Residue,Type,x,y,z
E,0,ILE,N,26.11,53.699,7.022
E,0,ILE,CA,26.623,55.061,6.7
E,0,ILE,C,27.969,54.893,5.987
E,0,ILE,O,28.861,54.23,6.514
E,0,ILE,CB,26.849,55.912,7.98
E,0,ILE,CG1,25.548,56.054,8.797
E,0,ILE,CG2,27.439,57.287,7.599
E,0,ILE,CD1,24.604,57.111,8.286
E,0,VAL,N,28.061,55.415,4.761
E,0,VAL,CA,29.277,55.354,3.955
E,0,VAL,C,30.036,56.664,4.083
E,0,VAL,O,29.459,57.75,3.938
E,0,VAL,CB,28.984,55.107,2.454
E,0,VAL,CG1,30.303,55.083,1.657
E,0,VAL,CG2,28.233,53.803,2.273
E,0,GLY,N,31.328,56.547,4.385
E,0,GLY,CA,32.195,57.71,4.526
E,0,GLY,C,31.962,58.557,5.759
E,0,GLY,O,32.224,59.762,5.737
E,0,GLY,N,31.485,57.937,6.836
E,0,GLY,CA,31.224,58.681,8.055
E,0,GLY,C,32.302,58.39,9.077
E,0,GLY,O,33.395,57.93,8.731
E,0,TYR,N,31.988,58.617,10.346
E,0,TYR,CA,32.946,58.367,11.425
E,0,TYR,C,32.182,57.766,12.596
E,0,TYR,O,30.963,57.906,12.672
E,0,TYR,CB,33.614,59.676,11.857
E,0,TYR,CG,32.65,60.742,12.337
E,0,TYR,CD1,32.065,61.637,11.435
E,0,TYR,CD2,32.324,60.867,13.694
E,0,TYR,CE1,31.177,62.636,11.87
E,0,TYR,CE2,31.444,61.851,14.132
E,0,TYR,CZ,30.87,62.736,13.216
E,0,TYR,OH,29.979,63.708,13.641
E,0,THR,N,32.89,57.102,13.502
E,0,THR,CA,32.272,56.501,14.681
E,0,THR,C,31.826,57.625,15.611
E,0,THR,O,32.636,58.442,16.025
E,0,THR,CB,33.298,55.59,15.388
E,0,THR,OG1,33.606,54.488,14.524
E,0,THR,CG2,32.765,55.081,16.711
E,0,CYS,N,30.528,57.714,15.873
E,0,CYS,CA,30.003,58.741,16.764
E,0,CYS,C,30.603,58.559,18.168
E,0,CYS,O,30.946,57.446,18.567
E,0,CYS,CB,28.492,58.595,16.927
E,0,CYS,SG,27.521,58.382,15.418
E,0,ALA,N,30.659,59.647,18.931
E,0,ALA,CA,31.131,59.595,20.304
E,0,ALA,C,29.939,59.046,21.096
E,0,ALA,O,28.791,59.266,20.705
E,0,ALA,CB,31.472,60.974,20.777
E,0,ALA,N,30.198,58.289,22.161
E,0,ALA,CA,29.114,57.738,22.974
E,0,ALA,C,28.373,58.926,23.572
E,0,ALA,O,29.001,59.925,23.92
E,0,ALA,CB,29.679,56.856,24.07
E,0,ASN,N,27.048,58.85,23.636
E,0,ASN,CA,26.249,59.951,24.19
E,0,ASN,C,26.078,61.131,23.249
E,0,ASN,O,25.584,62.166,23.671
E,0,ASN,CB,26.828,60.476,25.528
E,0,ASN,CG,26.62,59.502,26.692
E,0,ASN,OD1,27.571,58.914,27.215
E,0,ASN,ND2,25.372,59.34,27.108
E,0,SER,N,26.475,61.007,21.988
E,0,SER,CA,26.305,62.124,21.071
E,0,SER,C,24.966,62.101,20.31
E,0,SER,O,24.464,63.144,19.891
E,0,SER,CB,27.48,62.195,20.1
E,0,SER,OG,27.605,60.987,19.396
E,0,ILE,N,24.388,60.915,20.134
E,0,ILE,CA,23.112,60.773,19.429
E,0,ILE,C,22.192,60.003,20.383
E,0,ILE,O,21.798,58.87,20.105
E,0,ILE,CB,23.261,59.931,18.104
E,0,ILE,CG1,24.535,60.309,17.324
E,0,ILE,CG2,22.016,60.078,17.26
E,0,ILE,CD1,24.664,61.777,16.996
E,0,PRO,N,21.764,60.64,21.48
E,0,PRO,CA,20.9,59.902,22.409
E,0,PRO,C,19.481,59.604,21.954
E,0,PRO,O,18.78,58.803,22.58
E,0,PRO,CB,20.962,60.756,23.688
E,0,PRO,CG,21.102,62.156,23.158
E,0,PRO,CD,22.023,62.018,21.949
E,0,TYR,N,19.063,60.204,20.843
E,0,TYR,CA,17.708,59.983,20.354
E,0,TYR,C,17.616,58.845,19.324
E,0,TYR,O,16.525,58.482,18.891
E,0,TYR,CB,17.147,61.278,19.768
E,0,TYR,CG,18.113,61.931,18.808
E,0,TYR,CD1,18.206,61.498,17.488
E,0,TYR,CD2,18.993,62.925,19.243
E,0,TYR,CE1,19.154,62.026,16.631
E,0,TYR,CE2,19.947,63.456,18.391
E,0,TYR,CZ,20.024,62.997,17.088
E,0,TYR,OH,21.004,63.47,16.257
E,0,GLN,N,18.761,58.275,18.965
E,0,GLN,CA,18.796,57.192,17.988
E,0,GLN,C,18.3,55.884,18.583
E,0,GLN,O,18.711,55.506,19.67
E,0,GLN,CB,20.223,56.949,17.502
E,0,GLN,CG,20.358,55.687,16.625
E,0,GLN,CD,20.113,56.012,15.181
E,0,GLN,OE1,20.552,57.056,14.708
E,0,GLN,NE2,19.403,55.147,14.473
E,0,VAL,N,17.396,55.199,17.889
E,0,VAL,CA,16.93,53.886,18.354
E,0,VAL,C,17.144,52.919,17.2
E,0,VAL,O,17.461,53.322,16.078
E,0,VAL,CB,15.428,53.832,18.792
E,0,VAL,CG1,15.1,54.919,19.798
E,0,VAL,CG2,14.525,53.912,17.58
E,0,SER,N,16.95,51.646,17.492
E,0,SER,CA,17.086,50.554,16.543
E,0,SER,C,15.748,49.797,16.591
E,0,SER,O,15.123,49.722,17.659
E,0,SER,CB,18.252,49.661,17.021
E,0,SER,OG,18.396,48.456,16.295
E,0,LEU,N,15.256,49.375,15.424
E,0,LEU,CA,14.028,48.583,15.309
E,0,LEU,C,14.501,47.156,14.989
E,0,LEU,O,15.399,46.979,14.158
E,0,LEU,CB,13.119,49.099,14.193
E,0,LEU,CG,12.567,50.52,14.308
E,0,LEU,CD1,11.317,50.622,13.477
E,0,LEU,CD2,12.243,50.87,15.722
E,0,ASN,N,14.008,46.17,15.738
E,0,ASN,CA,14.408,44.773,15.56
E,0,ASN,C,13.217,43.853,15.364
E,0,ASN,O,12.177,44.038,15.99
E,0,ASN,CB,15.141,44.257,16.801
E,0,ASN,CG,16.481,44.894,16.999
E,0,ASN,OD1,17.517,44.232,16.863
E,0,ASN,ND2,16.487,46.184,17.345
E,0,SER,N,13.397,42.839,14.526
E,0,SER,CA,12.374,41.823,14.253
E,0,SER,C,13.229,40.624,13.912
E,0,SER,O,13.181,40.087,12.812
E,0,SER,CB,11.493,42.193,13.059
E,0,SER,OG,10.906,43.469,13.233
E,0,GLY,N,14.093,40.289,14.856
E,0,GLY,CA,15.015,39.182,14.692
E,0,GLY,C,16.405,39.766,14.872
E,0,GLY,O,17.153,39.398,15.792
E,0,SER,N,16.722,40.728,14.011
E,0,SER,CA,18.001,41.42,14.041
E,0,SER,C,17.648,42.867,13.775
E,0,SER,O,16.459,43.196,13.674
E,0,SER,CB,18.923,40.874,12.946
E,0,SER,OG,18.185,40.493,11.792
E,0,HIS,N,18.656,43.737,13.754
E,0,HIS,CA,18.446,45.161,13.474
E,0,HIS,C,18.155,45.325,11.972
E,0,HIS,O,18.965,44.993,11.125
E,0,HIS,CB,19.664,45.976,13.886
E,0,HIS,CG,19.742,47.316,13.233
E,0,HIS,ND1,19.779,48.484,13.955
E,0,HIS,CD2,19.844,47.671,11.932
E,0,HIS,CE1,19.903,49.507,13.127
E,0,HIS,NE2,19.945,49.04,11.892
E,0,PHE,N,17.014,45.909,11.675
E,0,PHE,CA,16.576,46.087,10.327
E,0,PHE,C,16.54,47.561,9.964
E,0,PHE,O,16.881,47.922,8.837
E,0,PHE,CB,15.173,45.5,10.199
E,0,PHE,CG,15.135,44.009,10.021
E,0,PHE,CD1,15.874,43.166,10.837
E,0,PHE,CD2,14.355,43.444,8.998
E,0,PHE,CE1,15.848,41.766,10.636
E,0,PHE,CE2,14.318,42.056,8.786
E,0,PHE,CZ,15.064,41.214,9.601
E,0,CYS,N,16.11,48.409,10.906
E,0,CYS,CA,15.985,49.857,10.663
E,0,CYS,C,16.312,50.716,11.886
E,0,CYS,O,16.366,50.229,13.027
E,0,CYS,CB,14.548,50.216,10.253
E,0,CYS,SG,13.955,49.639,8.66
E,0,GLY,N,16.538,51.995,11.621
E,0,GLY,CA,16.802,52.94,12.683
E,0,GLY,C,15.495,53.674,12.962
E,0,GLY,O,14.472,53.392,12.324
E,0,GLY,N,15.529,54.611,13.902
E,0,GLY,CA,14.367,55.401,14.259
E,0,GLY,C,14.851,56.502,15.188
E,0,GLY,O,16.046,56.538,15.5
E,0,SER,N,13.949,57.394,15.6
E,0,SER,CA,14.247,58.512,16.489
E,0,SER,C,13.19,58.584,17.585
E,0,SER,O,11.986,58.46,17.299
E,0,SER,CB,14.132,59.837,15.743
E,0,SER,OG,14.987,59.884,14.642
E,0,LEU,N,13.629,58.849,18.814
E,0,LEU,CA,12.723,59.005,19.946
E,0,LEU,C,12.263,60.47,20.004
E,0,LEU,O,13.082,61.379,20.194
E,0,LEU,CB,13.424,58.631,21.258
E,0,LEU,CG,12.549,58.507,22.524
E,0,LEU,CD1,11.566,57.342,22.419
E,0,LEU,CD2,13.453,58.277,23.717
E,0,ILE,N,10.963,60.7,19.833
E,0,ILE,CA,10.427,62.066,19.853
E,0,ILE,C,9.777,62.456,21.177
E,0,ILE,O,9.541,63.628,21.42
E,0,ILE,CB,9.54,62.398,18.629
E,0,ILE,CG1,8.377,61.423,18.509
E,0,ILE,CG2,10.389,62.394,17.361
E,0,ILE,CD1,7.396,61.794,17.412
E,0,ASN,N,9.443,61.465,21.999
E,0,ASN,CA,8.958,61.711,23.354
E,0,ASN,C,9.124,60.414,24.111
E,0,ASN,O,9.465,59.412,23.513
E,0,ASN,CB,7.569,62.371,23.451
E,0,ASN,CG,6.432,61.453,23.154
E,0,ASN,OD1,6.271,60.417,23.772
E,0,ASN,ND2,5.569,61.882,22.25
E,0,SER,N,8.957,60.419,25.42
E,0,SER,CA,9.175,59.189,26.18
E,0,SER,C,8.44,57.942,25.693
E,0,SER,O,8.909,56.834,25.935
E,0,SER,CB,8.925,59.411,27.679
E,0,SER,OG,7.589,59.827,27.922
E,0,GLN,N,7.302,58.105,25.018
E,0,GLN,CA,6.518,56.951,24.521
E,0,GLN,C,6.394,56.744,22.993
E,0,GLN,O,5.783,55.759,22.564
E,0,GLN,CB,5.085,57.041,25.031
E,0,GLN,CG,4.901,56.937,26.541
E,0,GLN,CD,3.441,57.068,26.923
E,0,GLN,OE1,2.844,58.139,26.816
E,0,GLN,NE2,2.855,55.977,27.341
E,0,TRP,N,6.946,57.651,22.191
E,0,TRP,CA,6.806,57.569,20.736
E,0,TRP,C,8.099,57.667,19.982
E,0,TRP,O,8.932,58.519,20.272
E,0,TRP,CB,5.88,58.682,20.235
E,0,TRP,CG,4.456,58.537,20.66
E,0,TRP,CD1,3.893,58.957,21.843
E,0,TRP,CD2,3.393,57.962,19.887
E,0,TRP,NE1,2.548,58.682,21.841
E,0,TRP,CE2,2.21,58.078,20.655
E,0,TRP,CE3,3.325,57.366,18.615
E,0,TRP,CZ2,0.958,57.625,20.189
E,0,TRP,CZ3,2.088,56.912,18.152
E,0,TRP,CH2,0.919,57.046,18.94
E,0,VAL,N,8.185,56.864,18.931
E,0,VAL,CA,9.341,56.785,18.04
E,0,VAL,C,8.868,57.059,16.593
E,0,VAL,O,7.762,56.65,16.209
E,0,VAL,CB,9.919,55.345,18.085
E,0,VAL,CG1,10.838,55.07,16.889
E,0,VAL,CG2,10.667,55.13,19.374
E,0,VAL,N,9.671,57.765,15.798
E,0,VAL,CA,9.312,57.992,14.392
E,0,VAL,C,10.333,57.216,13.51
E,0,VAL,O,11.502,57.103,13.87
E,0,VAL,CB,9.168,59.539,14.058
E,0,VAL,CG1,10.358,60.303,14.532
E,0,VAL,CG2,8.939,59.768,12.587
E,0,SER,N,9.866,56.573,12.443
E,0,SER,CA,10.749,55.801,11.571
E,0,SER,C,10.129,55.878,10.157
E,0,SER,O,9.227,56.684,9.931
E,0,SER,CB,10.81,54.348,12.072
E,0,SER,OG,11.722,53.541,11.324
E,0,ALA,N,10.605,55.059,9.21
E,0,ALA,CA,10.074,55.048,7.83
E,0,ALA,C,8.937,54.017,7.726
E,0,ALA,O,9.055,52.914,8.273
E,0,ALA,CB,11.199,54.679,6.846
E,0,ALA,N,7.876,54.322,6.983
E,0,ALA,CA,6.768,53.371,6.825
E,0,ALA,C,7.195,52.068,6.158
E,0,ALA,O,6.606,50.998,6.425
E,0,ALA,CB,5.623,53.973,6.057
E,0,HIS,N,8.221,52.127,5.309
E,0,HIS,CA,8.65,50.889,4.653
E,0,HIS,C,9.352,49.946,5.632
E,0,HIS,O,9.766,48.871,5.248
E,0,HIS,CB,9.494,51.122,3.367
E,0,HIS,CG,10.919,51.521,3.617
E,0,HIS,ND1,11.34,52.832,3.589
E,0,HIS,CD2,12.022,50.784,3.895
E,0,HIS,CE1,12.633,52.89,3.847
E,0,HIS,NE2,13.07,51.66,4.036
E,0,CYS,N,9.509,50.375,6.885
E,0,CYS,CA,10.125,49.537,7.892
E,0,CYS,C,9.024,48.862,8.671
E,0,CYS,O,9.282,48.308,9.727
E,0,CYS,CB,10.977,50.348,8.874
E,0,CYS,SG,12.536,51.01,8.191
E,0,TYR,N,7.793,48.936,8.175
E,0,TYR,CA,6.662,48.327,8.858
E,0,TYR,C,6.798,46.805,9.013
E,0,TYR,O,7.176,46.097,8.063
E,0,TYR,CB,5.365,48.637,8.115
E,0,TYR,CG,4.138,48.053,8.782
E,0,TYR,CD1,3.493,48.735,9.818
E,0,TYR,CD2,3.636,46.8,8.406
E,0,TYR,CE1,2.384,48.187,10.475
E,0,TYR,CE2,2.514,46.237,9.059
E,0,TYR,CZ,1.9,46.942,10.092
E,0,TYR,OH,0.802,46.432,10.738
E,0,LYS,N,6.463,46.314,10.211
E,0,LYS,CA,6.474,44.904,10.551
E,0,LYS,C,5.35,44.835,11.574
E,0,LYS,O,5.103,45.806,12.259
E,0,LYS,CB,7.786,44.534,11.234
E,0,LYS,CG,8.453,43.282,10.693
E,0,LYS,CD,9.453,43.569,9.537
E,0,LYS,CE,10.735,44.285,10.022
E,0,LYS,NZ,11.65,44.732,8.93
E,0,SER,N,4.663,43.704,11.687
E,0,SER,CA,3.581,43.576,12.669
E,0,SER,C,4.083,43.347,14.104
E,0,SER,O,3.302,43.439,15.043
E,0,SER,CB,2.598,42.472,12.289
E,0,SER,OG,3.197,41.199,12.396
E,0,ARG,N,5.354,42.985,14.259
E,0,ARG,CA,5.949,42.799,15.579
E,0,ARG,C,7.292,43.525,15.495
E,0,ARG,O,8.098,43.237,14.601
E,0,ARG,CB,6.183,41.319,15.894
E,0,ARG,CG,4.932,40.464,15.976
E,0,ARG,CD,5.302,38.975,16.032
E,0,ARG,NE,4.186,38.114,15.634
E,0,ARG,CZ,3.732,37.994,14.385
E,0,ARG,NH1,4.302,38.68,13.398
E,0,ARG,NH2,2.696,37.202,14.119
E,0,ILE,N,7.523,44.462,16.411
E,0,ILE,CA,8.748,45.265,16.433
E,0,ILE,C,9.247,45.494,17.855
E,0,ILE,O,8.468,45.802,18.749
E,0,ILE,CB,8.478,46.673,15.805
E,0,ILE,CG1,8.146,46.538,14.309
E,0,ILE,CG2,9.655,47.598,16.027
E,0,ILE,CD1,7.947,47.849,13.574
E,0,GLN,N,10.534,45.29,18.078
E,0,GLN,CA,11.115,45.573,19.376
E,0,GLN,C,12.04,46.766,19.154
E,0,GLN,O,12.858,46.748,18.244
E,0,GLN,CB,11.936,44.399,19.896
E,0,GLN,CG,12.695,44.728,21.191
E,0,GLN,CD,13.663,43.64,21.586
E,0,GLN,OE1,14.731,43.499,20.993
E,0,GLN,NE2,13.292,42.853,22.581
E,0,VAL,N,11.87,47.816,19.946
E,0,VAL,CA,12.7,49.015,19.854
E,0,VAL,C,13.852,48.937,20.88
E,0,VAL,O,13.627,48.6,22.055
E,0,VAL,CB,11.858,50.296,20.143
E,0,VAL,CG1,12.721,51.526,20.039
E,0,VAL,CG2,10.677,50.403,19.191
E,0,ARG,N,15.072,49.248,20.442
E,0,ARG,CA,16.237,49.242,21.342
E,0,ARG,C,16.758,50.663,21.498
E,0,ARG,O,16.954,51.375,20.503
E,0,ARG,CB,17.348,48.316,20.823
E,0,ARG,CG,16.826,46.967,20.498
E,0,ARG,CD,17.892,45.943,20.226
E,0,ARG,NE,17.265,44.626,20.367
E,0,ARG,CZ,17.92,43.485,20.543
E,0,ARG,NH1,19.245,43.474,20.586
E,0,ARG,NH2,17.242,42.366,20.765
E,0,LEU,N,16.942,51.082,22.75
E,0,LEU,CA,17.403,52.429,23.065
E,0,LEU,C,18.677,52.395,23.893
E,0,LEU,O,18.997,51.375,24.508
E,0,LEU,CB,16.326,53.196,23.844
E,0,LEU,CG,14.912,53.304,23.265
E,0,LEU,CD1,14.033,52.241,23.865
E,0,LEU,CD2,14.325,54.627,23.57
E,0,GLY,N,19.374,53.533,23.925
E,0,GLY,CA,20.608,53.654,24.676
E,0,GLY,C,21.755,52.795,24.167
E,0,GLY,O,22.654,52.456,24.932
E,0,GLU,N,21.732,52.464,22.877
E,0,GLU,CA,22.744,51.629,22.229
E,0,GLU,C,23.856,52.404,21.563
E,0,GLU,O,23.59,53.384,20.878
E,0,GLU,CB,22.096,50.845,21.101
E,0,GLU,CG,21.167,49.754,21.535
E,0,GLU,CD,21.899,48.469,21.687
E,0,GLU,OE1,23.1,48.526,21.998
E,0,GLU,OE2,21.295,47.408,21.471
E,0,HIS,N,25.085,51.907,21.689
E,0,HIS,CA,26.253,52.496,21.024
E,0,HIS,C,26.855,51.348,20.196
E,0,HIS,O,26.906,51.403,18.961
E,0,HIS,CB,27.261,53.045,22.032
E,0,HIS,CG,28.378,53.82,21.405
E,0,HIS,ND1,28.182,54.666,20.329
E,0,HIS,CD2,29.702,53.868,21.683
E,0,HIS,CE1,29.34,55.193,19.974
E,0,HIS,NE2,30.277,54.729,20.773
E,0,ASN,N,27.295,50.301,20.881
E,0,ASN,CA,27.801,49.118,20.199
E,0,ASN,C,26.61,48.138,20.134
E,0,ASN,O,26.166,47.634,21.181
E,0,ASN,CB,28.965,48.504,20.997
E,0,ASN,CG,29.572,47.272,20.32
E,0,ASN,OD1,28.88,46.476,19.665
E,0,ASN,ND2,30.878,47.112,20.48
E,0,ILE,N,26.05,47.888,18.95
E,0,ILE,CA,24.908,46.962,18.872
E,0,ILE,C,25.237,45.495,19.097
E,0,ILE,O,24.33,44.681,19.231
E,0,ILE,CB,24.159,47.0,17.52
E,0,ILE,CG1,25.155,47.016,16.364
E,0,ILE,CG2,23.126,48.091,17.503
E,0,ILE,CD1,24.536,46.607,15.027
E,0,ASP,N,26.515,45.135,19.103
E,0,ASP,CA,26.866,43.735,19.286
E,0,ASP,C,27.281,43.38,20.69
E,0,ASP,O,27.631,42.241,20.969
E,0,ASP,CB,28.001,43.359,18.347
E,0,ASP,CG,27.598,43.463,16.89
E,0,ASP,OD1,26.542,42.888,16.531
E,0,ASP,OD2,28.329,44.117,16.12
E,0,VAL,N,27.247,44.349,21.581
E,0,VAL,CA,27.674,44.1,22.939
E,0,VAL,C,26.721,44.789,23.932
E,0,VAL,O,26.391,45.978,23.779
E,0,VAL,CB,29.134,44.634,23.098
E,0,VAL,CG1,29.552,44.703,24.543
E,0,VAL,CG2,30.105,43.778,22.285
E,0,LEU,N,26.236,44.032,24.91
E,0,LEU,CA,25.365,44.554,25.949
E,0,LEU,C,26.304,45.402,26.791
E,0,LEU,O,27.266,44.894,27.338
E,0,LEU,CB,24.822,43.385,26.769
E,0,LEU,CG,23.368,43.412,27.231
E,0,LEU,CD1,23.183,44.507,28.272
E,0,LEU,CD2,22.447,43.622,26.043
E,0,GLU,N,26.012,46.686,26.908
E,0,GLU,CA,26.862,47.615,27.644
E,0,GLU,C,26.265,48.065,28.992
E,0,GLU,O,26.901,48.826,29.717
E,0,GLU,CB,27.127,48.845,26.765
E,0,GLU,CG,27.653,48.506,25.362
E,0,GLU,CD,27.384,49.596,24.329
E,0,GLU,OE1,26.268,49.609,23.735
E,0,GLU,OE2,28.301,50.418,24.096
E,0,GLY,N,25.041,47.619,29.303
E,0,GLY,CA,24.37,47.995,30.547
E,0,GLY,C,23.496,49.254,30.515
E,0,GLY,O,22.839,49.577,31.495
E,0,ASN,N,23.502,49.97,29.397
E,0,ASN,CA,22.717,51.193,29.204
E,0,ASN,C,21.388,50.998,28.4
E,0,ASN,O,20.468,51.825,28.446
E,0,ASN,CB,23.608,52.233,28.488
E,0,ASN,CG,24.266,51.693,27.17
E,0,ASN,OD1,24.34,50.476,26.927
E,0,ASN,ND2,24.761,52.612,26.338
E,0,GLU,N,21.295,49.877,27.692
E,0,GLU,CA,20.166,49.563,26.824
E,0,GLU,C,18.796,49.383,27.465
E,0,GLU,O,18.691,48.929,28.607
E,0,GLU,CB,20.478,48.284,26.036
E,0,GLU,CG,21.776,48.306,25.244
E,0,GLU,CD,23.003,47.852,26.04
E,0,GLU,OE1,22.922,47.577,27.253
E,0,GLU,OE2,24.08,47.77,25.445
E,0,GLN,N,17.749,49.74,26.717
E,0,GLN,CA,16.365,49.529,27.134
E,0,GLN,C,15.724,48.845,25.93
E,0,GLN,O,15.867,49.313,24.798
E,0,GLN,CB,15.662,50.849,27.415
E,0,GLN,CG,16.254,51.627,28.587
E,0,GLN,CD,15.56,52.953,28.783
E,0,GLN,OE1,14.354,53.017,28.77
E,0,GLN,NE2,16.327,54.025,28.905
E,0,PHE,N,15.129,47.678,26.143
E,0,PHE,CA,14.485,46.941,25.058
E,0,PHE,C,12.997,47.027,25.34
E,0,PHE,O,12.542,46.552,26.377
E,0,PHE,CB,14.97,45.479,25.006
E,0,PHE,CG,16.412,45.317,24.554
E,0,PHE,CD1,17.21,46.42,24.282
E,0,PHE,CD2,16.968,44.063,24.429
E,0,PHE,CE1,18.535,46.273,23.901
E,0,PHE,CE2,18.3,43.904,24.048
E,0,PHE,CZ,19.079,45.013,23.788
E,0,ILE,N,12.255,47.712,24.469
E,0,ILE,CA,10.824,47.892,24.681
E,0,ILE,C,10.035,47.526,23.419
E,0,ILE,O,10.391,47.942,22.319
E,0,ILE,CB,10.513,49.377,25.089
E,0,ILE,CG1,11.398,49.798,26.275
E,0,ILE,CG2,9.05,49.549,25.459
E,0,ILE,CD1,11.295,51.282,26.664
E,0,ASN,N,8.989,46.717,23.567
E,0,ASN,CA,8.161,46.359,22.419
E,0,ASN,C,7.223,47.483,21.951
E,0,ASN,O,6.717,48.284,22.75
E,0,ASN,CB,7.299,45.138,22.737
E,0,ASN,CG,8.094,43.871,22.806
E,0,ASN,OD1,9.173,43.752,22.226
E,0,ASN,ND2,7.558,42.9,23.506
E,0,ALA,N,6.958,47.518,20.653
E,0,ALA,CA,6.032,48.496,20.109
E,0,ALA,C,4.61,48.011,20.438
E,0,ALA,O,4.316,46.815,20.317
E,0,ALA,CB,6.206,48.595,18.589
E,0,ALA,N,3.757,48.922,20.898
E,0,ALA,CA,2.364,48.626,21.196
E,0,ALA,C,1.571,49.048,19.951
E,0,ALA,O,0.831,48.236,19.375
E,0,ALA,CB,1.898,49.416,22.399
E,0,LYS,N,1.713,50.313,19.542
E,0,LYS,CA,1.032,50.807,18.335
E,0,LYS,C,2.05,51.021,17.218
E,0,LYS,O,3.173,51.491,17.46
E,0,LYS,CB,0.264,52.111,18.584
E,0,LYS,CG,-0.826,51.968,19.625
E,0,LYS,CD,-1.584,53.252,19.789
E,0,LYS,CE,-2.594,53.116,20.897
E,0,LYS,NZ,-3.529,52.01,20.588
E,0,ILE,N,1.659,50.637,16.005
E,0,ILE,CA,2.511,50.764,14.825
E,0,ILE,C,1.604,51.396,13.769
E,0,ILE,O,0.743,50.722,13.201
E,0,ILE,CB,3.039,49.396,14.378
E,0,ILE,CG1,3.732,48.7,15.571
E,0,ILE,CG2,4.023,49.605,13.222
E,0,ILE,CD1,3.962,47.207,15.446
E,0,ILE,N,1.813,52.688,13.519
E,0,ILE,CA,0.963,53.457,12.618
E,0,ILE,C,1.682,54.101,11.441
E,0,ILE,O,2.453,55.032,11.616
E,0,ILE,CB,0.242,54.572,13.437
E,0,ILE,CG1,-0.426,53.961,14.679
E,0,ILE,CG2,-0.779,55.33,12.585
E,0,ILE,CD1,-0.885,54.986,15.697
E,0,THR,N,1.42,53.609,10.236
E,0,THR,CA,2.025,54.176,9.035
E,0,THR,C,1.156,55.32,8.506
E,0,THR,O,-0.052,55.356,8.742
E,0,THR,CB,2.17,53.117,7.937
E,0,THR,OG1,0.928,52.423,7.778
E,0,THR,CG2,3.257,52.114,8.295
E,0,HIS,N,1.759,56.253,7.783
E,0,HIS,CA,1.005,57.371,7.243
E,0,HIS,C,-0.138,56.881,6.345
E,0,HIS,O,0.051,56.0,5.515
E,0,HIS,CB,1.908,58.32,6.46
E,0,HIS,CG,1.259,59.637,6.151
E,0,HIS,ND1,0.384,59.808,5.096
E,0,HIS,CD2,1.307,60.824,6.796
E,0,HIS,CE1,-0.086,61.044,5.116
E,0,HIS,NE2,0.464,61.683,6.131
E,0,PRO,N,-1.327,57.487,6.474
E,0,PRO,CA,-2.505,57.112,5.678
E,0,PRO,C,-2.234,57.074,4.166
E,0,PRO,O,-2.762,56.222,3.467
E,0,PRO,CB,-3.496,58.219,6.001
E,0,PRO,CG,-3.141,58.596,7.396
E,0,PRO,CD,-1.643,58.59,7.403
E,0,ASN,N,-1.441,58.021,3.668
E,0,ASN,CA,-1.133,58.081,2.231
E,0,ASN,C,0.178,57.447,1.773
E,0,ASN,O,0.65,57.74,0.67
E,0,ASN,CB,-1.184,59.534,1.738
E,0,ASN,CG,-2.56,60.146,1.88
E,0,ASN,OD1,-2.686,61.32,2.196
E,0,ASN,ND2,-3.594,59.352,1.661
E,0,PHE,N,0.797,56.639,2.63
E,0,PHE,CA,2.056,55.999,2.265
E,0,PHE,C,1.818,55.169,1.001
E,0,PHE,O,0.872,54.375,0.928
E,0,PHE,CB,2.553,55.075,3.391
E,0,PHE,CG,3.669,54.169,2.977
E,0,PHE,CD1,4.877,54.694,2.521
E,0,PHE,CD2,3.509,52.79,3.004
E,0,PHE,CE1,5.902,53.863,2.099
E,0,PHE,CE2,4.537,51.952,2.582
E,0,PHE,CZ,5.732,52.486,2.131
E,0,ASN,N,2.685,55.338,0.021
E,0,ASN,CA,2.576,54.613,-1.23
E,0,ASN,C,3.831,53.757,-1.293
E,0,ASN,O,4.936,54.278,-1.368
E,0,ASN,CB,2.542,55.618,-2.383
E,0,ASN,CG,2.37,54.961,-3.729
E,0,ASN,OD1,2.895,53.872,-3.993
E,0,ASN,ND2,1.668,55.639,-4.608
E,0,GLY,N,3.659,52.444,-1.269
E,0,GLY,CA,4.784,51.534,-1.279
E,0,GLY,C,5.584,51.47,-2.559
E,0,GLY,O,6.758,51.121,-2.534
E,0,ASN,N,4.982,51.852,-3.674
E,0,ASN,CA,5.695,51.791,-4.926
E,0,ASN,C,6.574,52.984,-5.159
E,0,ASN,O,7.623,52.852,-5.734
E,0,ASN,CB,4.725,51.627,-6.084
E,0,ASN,CG,4.033,50.269,-6.083
E,0,ASN,OD1,4.331,49.395,-5.26
E,0,ASN,ND2,3.092,50.092,-7.001
E,0,THR,N,6.127,54.16,-4.757
E,0,THR,CA,6.915,55.373,-4.952
E,0,THR,C,7.636,55.852,-3.688
E,0,THR,O,8.503,56.732,-3.76
E,0,THR,CB,6.022,56.516,-5.437
E,0,THR,OG1,5.044,56.786,-4.432
E,0,THR,CG2,5.307,56.119,-6.735
E,0,LEU,N,7.262,55.266,-2.544
E,0,LEU,CA,7.81,55.607,-1.23
E,0,LEU,C,7.42,57.013,-0.775
E,0,LEU,O,8.096,57.607,0.083
E,0,LEU,CB,9.329,55.426,-1.171
E,0,LEU,CG,9.794,53.977,-1.055
E,0,LEU,CD1,11.31,53.913,-0.929
E,0,LEU,CD2,9.156,53.351,0.158
E,0,ASP,N,6.325,57.537,-1.334
E,0,ASP,CA,5.841,58.867,-0.953
E,0,ASP,C,5.194,58.707,0.427
E,0,ASP,O,4.572,57.668,0.683
E,0,ASP,CB,4.807,59.369,-1.966
E,0,ASP,CG,4.485,60.827,-1.795
E,0,ASP,OD1,5.321,61.577,-1.245
E,0,ASP,OD2,3.398,61.236,-2.239
E,0,ASN,N,5.379,59.713,1.3
E,0,ASN,CA,4.832,59.727,2.677
E,0,ASN,C,5.416,58.557,3.47
E,0,ASN,O,4.689,57.829,4.165
E,0,ASN,CB,3.3,59.611,2.691
E,0,ASN,CG,2.606,60.71,1.929
E,0,ASN,OD1,2.703,61.879,2.282
E,0,ASN,ND2,1.86,60.333,0.901
E,0,ASP,N,6.726,58.358,3.328
E,0,ASP,CA,7.429,57.258,3.97
E,0,ASP,C,7.723,57.58,5.431
E,0,ASP,O,8.861,57.791,5.821
E,0,ASP,CB,8.726,56.964,3.178
E,0,ASP,CG,9.382,55.639,3.573
E,0,ASP,OD1,8.775,54.808,4.291
E,0,ASP,OD2,10.531,55.427,3.154
E,0,ILE,N,6.69,57.582,6.253
E,0,ILE,CA,6.872,57.897,7.661
E,0,ILE,C,5.939,57.006,8.486
E,0,ILE,O,4.822,56.677,8.053
E,0,ILE,CB,6.633,59.409,7.923
E,0,ILE,CG1,6.806,59.726,9.416
E,0,ILE,CG2,5.255,59.851,7.361
E,0,ILE,CD1,6.986,61.195,9.712
E,0,MET,N,6.401,56.621,9.667
E,0,MET,CA,5.651,55.732,10.528
E,0,MET,C,5.888,56.12,11.985
E,0,MET,O,6.993,56.537,12.351
E,0,MET,CB,6.14,54.306,10.257
E,0,MET,CG,5.888,53.296,11.359
E,0,MET,SD,6.295,51.638,10.83
E,0,MET,CE,8.018,51.474,11.371
E,0,LEU,N,4.84,55.999,12.8
E,0,LEU,CA,4.9,56.321,14.233
E,0,LEU,C,4.708,55.043,15.028
E,0,LEU,O,3.793,54.26,14.758
E,0,LEU,CB,3.779,57.301,14.64
E,0,LEU,CG,3.892,58.79,14.273
E,0,LEU,CD1,2.597,59.534,14.619
E,0,LEU,CD2,5.088,59.395,14.994
E,0,ILE,N,5.531,54.874,16.048
E,0,ILE,CA,5.465,53.715,16.896
E,0,ILE,C,5.258,54.164,18.331
E,0,ILE,O,5.979,55.039,18.804
E,0,ILE,CB,6.789,52.935,16.822
E,0,ILE,CG1,6.877,52.175,15.498
E,0,ILE,CG2,6.95,52.008,18.025
E,0,ILE,CD1,8.302,51.8,15.117
E,0,LYS,N,4.233,53.63,18.995
E,0,LYS,CA,4.022,53.949,20.41
E,0,LYS,C,4.558,52.771,21.223
E,0,LYS,O,4.156,51.621,20.991
E,0,LYS,CB,2.556,54.153,20.768
E,0,LYS,CG,2.398,54.583,22.267
E,0,LYS,CD,0.958,54.799,22.665
E,0,LYS,CE,0.89,55.341,24.073
E,0,LYS,NZ,-0.502,55.763,24.404
E,0,LEU,N,5.46,53.068,22.16
E,0,LEU,CA,6.096,52.065,23.026
E,0,LEU,C,5.094,51.493,24.026
E,0,LEU,O,4.257,52.226,24.521
E,0,LEU,CB,7.271,52.699,23.808
E,0,LEU,CG,8.445,53.284,22.999
E,0,LEU,CD1,9.641,53.562,23.924
E,0,LEU,CD2,8.85,52.301,21.882
E,0,SER,N,5.245,50.211,24.368
E,0,SER,CA,4.366,49.54,25.319
E,0,SER,C,4.519,50.118,26.734
E,0,SER,O,3.607,50.032,27.535
E,0,SER,CB,4.631,48.038,25.32
E,0,SER,OG,5.931,47.779,25.805
E,0,SER,N,5.71,50.629,27.039
E,0,SER,CA,6.024,51.273,28.322
E,0,SER,C,6.9,52.466,27.917
E,0,SER,O,7.595,52.421,26.89
E,0,SER,CB,6.855,50.35,29.226
E,0,SER,OG,6.156,49.164,29.563
E,0,PRO,N,6.865,53.549,28.689
E,0,PRO,CA,7.682,54.717,28.35
E,0,PRO,C,9.179,54.447,28.578
E,0,PRO,O,9.553,53.715,29.512
E,0,PRO,CB,7.186,55.79,29.343
E,0,PRO,CG,5.829,55.293,29.78
E,0,PRO,CD,6.021,53.805,29.868
E,0,ALA,N,10.028,55.039,27.74
E,0,ALA,CA,11.48,54.914,27.896
E,0,ALA,C,11.902,55.738,29.113
E,0,ALA,O,11.231,56.692,29.484
E,0,ALA,CB,12.177,55.481,26.68
E,0,THR,N,13.035,55.387,29.701
E,0,THR,CA,13.575,56.119,30.832
E,0,THR,C,14.57,57.078,30.214
E,0,THR,O,15.496,56.642,29.527
E,0,THR,CB,14.308,55.176,31.784
E,0,THR,OG1,13.364,54.271,32.352
E,0,THR,CG2,14.981,55.94,32.894
E,0,LEU,N,14.362,58.37,30.454
E,0,LEU,CA,15.217,59.423,29.929
E,0,LEU,C,16.402,59.608,30.865
E,0,LEU,O,16.225,59.607,32.086
E,0,LEU,CB,14.415,60.726,29.764
E,0,LEU,CG,13.201,60.573,28.832
E,0,LEU,CD1,12.512,61.903,28.616
E,0,LEU,CD2,13.632,59.986,27.495
E,0,SER,N,21.246,60.177,30.33
E,0,SER,CA,22.351,60.578,29.436
E,0,SER,C,22.433,59.908,28.051
E,0,SER,O,22.845,60.516,27.065
E,0,SER,CB,23.693,60.408,30.149
E,0,SER,OG,24.777,60.84,29.346
E,0,ARG,N,22.09,58.636,27.975
E,0,ARG,CA,22.15,57.919,26.711
E,0,ARG,C,20.796,57.885,25.997
E,0,ARG,O,20.702,57.405,24.871
E,0,ARG,CB,22.634,56.479,26.94
E,0,ARG,CG,24.065,56.357,27.423
E,0,ARG,CD,25.055,56.508,26.28
E,0,ARG,NE,26.43,56.419,26.762
E,0,ARG,CZ,27.264,55.417,26.487
E,0,ARG,NH1,26.868,54.404,25.718
E,0,ARG,NH2,28.49,55.417,27.005
E,0,VAL,N,19.743,58.342,26.668
E,0,VAL,CA,18.419,58.314,26.067
E,0,VAL,C,17.754,59.668,26.252
E,0,VAL,O,17.476,60.103,27.388
E,0,VAL,CB,17.532,57.182,26.683
E,0,VAL,CG1,16.156,57.136,26.011
E,0,VAL,CG2,18.22,55.837,26.543
E,0,ALA,N,17.501,60.332,25.132
E,0,ALA,CA,16.863,61.644,25.137
E,0,ALA,C,16.008,61.765,23.893
E,0,ALA,O,16.093,60.938,22.984
E,0,ALA,CB,17.909,62.736,25.151
E,0,THR,N,15.202,62.804,23.835
E,0,THR,CA,14.328,62.995,22.7
E,0,THR,C,14.894,64.065,21.762
E,0,THR,O,15.784,64.845,22.143
E,0,THR,CB,12.921,63.388,23.19
E,0,THR,OG1,13.008,64.598,23.936
E,0,THR,CG2,12.375,62.318,24.126
E,0,VAL,N,14.496,64.012,20.498
E,0,VAL,CA,14.937,65.018,19.553
E,0,VAL,C,13.656,65.81,19.277
E,0,VAL,O,12.546,65.26,19.282
E,0,VAL,CB,15.558,64.407,18.249
E,0,VAL,CG1,14.547,63.608,17.48
E,0,VAL,CG2,16.092,65.495,17.354
E,0,SER,N,13.814,67.093,19.023
E,0,SER,CA,12.694,67.979,18.785
E,0,SER,C,12.181,67.951,17.323
E,0,SER,O,12.93,67.654,16.38
E,0,SER,CB,13.142,69.395,19.193
E,0,SER,OG,12.105,70.349,19.123
E,0,LEU,N,10.883,68.193,17.149
E,0,LEU,CA,10.302,68.258,15.816
E,0,LEU,C,10.643,69.655,15.28
E,0,LEU,O,10.945,70.557,16.06
E,0,LEU,CB,8.795,68.033,15.886
E,0,LEU,CG,8.397,66.581,16.159
E,0,LEU,CD1,6.884,66.484,16.155
E,0,LEU,CD2,8.996,65.643,15.114
E,0,PRO,N,10.659,69.841,13.953
E,0,PRO,CA,10.992,71.151,13.373
E,0,PRO,C,9.848,72.16,13.355
E,0,PRO,O,8.689,71.779,13.151
E,0,PRO,CB,11.401,70.788,11.954
E,0,PRO,CG,10.45,69.68,11.624
E,0,PRO,CD,10.43,68.836,12.889
E,0,ARG,N,10.157,73.438,13.564
E,0,ARG,CA,9.103,74.461,13.526
E,0,ARG,C,8.713,74.779,12.075
E,0,ARG,O,7.548,75.097,11.772
E,0,ARG,CB,9.512,75.728,14.27
E,0,ARG,CG,10.547,76.59,13.576
E,0,ARG,CD,11.925,75.979,13.67
E,0,ARG,NE,12.298,75.252,12.459
E,0,ARG,CZ,12.91,75.816,11.421
E,0,ARG,NH1,13.208,77.111,11.443
E,0,ARG,NH2,13.256,75.084,10.371
E,0,SER,N,9.704,74.688,11.193
E,0,SER,CA,9.515,74.906,9.765
E,0,SER,C,10.564,74.09,9.013
E,0,SER,O,11.475,73.502,9.619
E,0,SER,CB,9.615,76.391,9.393
E,0,SER,OG,10.865,76.939,9.775
E,0,CYS,N,10.426,74.067,7.695
E,0,CYS,CA,11.313,73.307,6.836
E,0,CYS,C,12.714,73.883,6.725
E,0,CYS,O,12.902,75.087,6.803
E,0,CYS,CB,10.677,73.18,5.472
E,0,CYS,SG,9.037,72.416,5.55
E,0,ALA,N,13.707,73.011,6.585
E,0,ALA,CA,15.088,73.449,6.485
E,0,ALA,C,15.408,74.093,5.148
E,0,ALA,O,14.855,73.728,4.113
E,0,ALA,CB,16.033,72.277,6.731
E,0,ALA,N,16.304,75.062,5.178
E,0,ALA,CA,16.722,75.714,3.956
E,0,ALA,C,17.863,74.903,3.317
E,0,ALA,O,18.676,74.29,4.011
E,0,ALA,CB,17.195,77.117,4.27
E,0,ALA,N,17.917,74.916,1.988
E,0,ALA,CA,18.97,74.231,1.259
E,0,ALA,C,20.274,74.784,1.79
E,0,ALA,O,20.367,75.971,2.107
E,0,ALA,CB,18.854,74.515,-0.223
E,0,GLY,N,21.254,73.909,1.961
E,0,GLY,CA,22.536,74.346,2.461
E,0,GLY,C,22.681,74.124,3.948
E,0,GLY,O,23.783,74.249,4.472
E,0,THR,N,21.59,73.817,4.643
E,0,THR,CA,21.664,73.565,6.09
E,0,THR,C,22.499,72.301,6.373
E,0,THR,O,22.337,71.281,5.709
E,0,THR,CB,20.248,73.386,6.681
E,0,THR,OG1,19.474,74.572,6.436
E,0,THR,CG2,20.305,73.103,8.188
E,0,GLU,N,23.442,72.385,7.302
E,0,GLU,CA,24.238,71.213,7.63
E,0,GLU,C,23.424,70.345,8.582
E,0,GLU,O,22.78,70.854,9.505
E,0,GLU,CB,25.567,71.612,8.269
E,0,GLU,CG,26.55,70.442,8.438
E,0,GLU,CD,28.011,70.856,8.28
E,0,GLU,OE1,28.299,71.678,7.379
E,0,GLU,OE2,28.871,70.344,9.037
E,0,CYS,N,23.465,69.038,8.368
E,0,CYS,CA,22.7,68.109,9.2
E,0,CYS,C,23.544,66.911,9.639
E,0,CYS,O,24.627,66.658,9.09
E,0,CYS,CB,21.468,67.611,8.421
E,0,CYS,SG,20.356,68.892,7.752
E,0,LEU,N,23.063,66.194,10.648
E,0,LEU,CA,23.77,65.018,11.128
E,0,LEU,C,22.893,63.784,10.89
E,0,LEU,O,21.73,63.739,11.309
E,0,LEU,CB,24.116,65.169,12.612
E,0,LEU,CG,24.812,63.986,13.298
E,0,LEU,CD1,26.222,63.825,12.808
E,0,LEU,CD2,24.809,64.243,14.797
E,0,ILE,N,23.469,62.8,10.205
E,0,ILE,CA,22.799,61.543,9.859
E,0,ILE,C,23.509,60.407,10.605
E,0,ILE,O,24.746,60.406,10.729
E,0,ILE,CB,22.885,61.274,8.325
E,0,ILE,CG1,22.419,62.524,7.552
E,0,ILE,CG2,22.04,60.053,7.961
E,0,ILE,CD1,22.716,62.507,6.046
E,0,SER,N,22.747,59.43,11.086
E,0,SER,CA,23.373,58.353,11.822
E,0,SER,C,22.69,57.013,11.639
E,0,SER,O,21.525,56.937,11.226
E,0,SER,CB,23.431,58.721,13.306
E,0,SER,OG,22.152,59.119,13.761
E,0,GLY,N,23.446,55.945,11.889
E,0,GLY,CA,22.876,54.622,11.767
E,0,GLY,C,23.908,53.531,11.794
E,0,GLY,O,25.105,53.802,11.815
E,0,TRP,N,23.43,52.289,11.801
E,0,TRP,CA,24.299,51.127,11.828
E,0,TRP,C,24.317,50.408,10.462
E,0,TRP,O,24.672,49.233,10.402
E,0,TRP,CB,23.811,50.149,12.906
E,0,TRP,CG,24.112,50.558,14.312
E,0,TRP,CD1,25.287,50.368,14.971
E,0,TRP,CD2,23.22,51.195,15.248
E,0,TRP,NE1,25.188,50.846,16.263
E,0,TRP,CE2,23.933,51.362,16.461
E,0,TRP,CE3,21.891,51.64,15.183
E,0,TRP,CZ2,23.36,51.96,17.604
E,0,TRP,CZ3,21.318,52.237,16.328
E,0,TRP,CH2,22.057,52.39,17.515
E,0,GLY,N,23.94,51.092,9.376
E,0,GLY,CA,23.933,50.432,8.074
E,0,GLY,C,25.303,50.213,7.443
E,0,GLY,O,26.343,50.578,7.998
E,0,ASN,N,25.306,49.653,6.243
E,0,ASN,CA,26.524,49.382,5.472
E,0,ASN,C,27.446,50.617,5.377
E,0,ASN,O,26.963,51.754,5.201
E,0,ASN,CB,26.093,48.974,4.044
E,0,ASN,CG,27.178,48.229,3.267
E,0,ASN,OD1,28.34,48.152,3.682
E,0,ASN,ND2,26.791,47.66,2.138
E,0,THR,N,28.757,50.412,5.512
E,0,THR,CA,29.734,51.502,5.4
E,0,THR,C,30.495,51.447,4.055
E,0,THR,O,31.437,52.218,3.832
E,0,THR,CB,30.743,51.505,6.55
E,0,THR,OG1,31.485,50.275,6.529
E,0,THR,CG2,30.013,51.639,7.872
E,0,LYS,N,30.044,50.569,3.155
E,0,LYS,CA,30.623,50.425,1.817
E,0,LYS,C,29.563,50.584,0.732
E,0,LYS,O,28.427,50.144,0.9
E,0,LYS,CB,31.297,49.071,1.656
E,0,LYS,CG,32.628,49.028,2.317
E,0,LYS,CD,33.352,47.759,2.009
E,0,LYS,CE,34.756,47.816,2.573
E,0,LYS,NZ,35.509,46.653,2.069
E,0,SER,N,29.941,51.24,-0.364
E,0,SER,CA,29.045,51.457,-1.498
E,0,SER,C,29.118,50.332,-2.518
E,0,SER,O,28.205,50.181,-3.313
E,0,SER,CB,29.35,52.784,-2.188
E,0,SER,OG,30.697,52.834,-2.618
E,0,SER,N,30.223,49.582,-2.548
E,0,SER,CA,30.355,48.464,-3.498
E,0,SER,C,30.385,47.112,-2.793
E,0,SER,O,29.76,46.16,-3.257
E,0,SER,CB,31.579,48.614,-4.411
E,0,SER,OG,31.549,47.61,-5.419
E,0,GLY,N,31.145,47.005,-1.711
E,0,GLY,CA,31.163,45.757,-0.973
E,0,GLY,C,30.163,45.881,0.171
E,0,GLY,O,29.171,46.612,0.071
E,0,SER,N,30.408,45.18,1.271
E,0,SER,CA,29.518,45.276,2.418
E,0,SER,C,30.272,45.07,3.721
E,0,SER,O,31.103,44.165,3.833
E,0,SER,CB,28.35,44.309,2.3
E,0,SER,OG,28.802,42.994,2.12
E,0,SER,N,30.022,45.966,4.673
E,0,SER,CA,30.655,45.933,5.976
E,0,SER,C,29.737,46.678,6.927
E,0,SER,O,29.502,47.875,6.757
E,0,SER,CB,32.017,46.621,5.92
E,0,SER,OG,32.623,46.638,7.194
E,0,TYR,N,29.21,45.959,7.914
E,0,TYR,CA,28.301,46.509,8.904
E,0,TYR,C,29.052,46.681,10.212
E,0,TYR,O,29.609,45.725,10.749
E,0,TYR,CB,27.125,45.568,9.042
E,0,TYR,CG,26.246,45.603,7.815
E,0,TYR,CD1,26.56,44.845,6.696
E,0,TYR,CD2,25.126,46.441,7.754
E,0,TYR,CE1,25.789,44.93,5.544
E,0,TYR,CE2,24.351,46.528,6.599
E,0,TYR,CZ,24.695,45.772,5.502
E,0,TYR,OH,23.983,45.89,4.331
E,0,PRO,N,29.074,47.907,10.746
E,0,PRO,CA,29.784,48.203,11.991
E,0,PRO,C,29.061,47.861,13.299
E,0,PRO,O,27.831,47.764,13.344
E,0,PRO,CB,29.975,49.711,11.898
E,0,PRO,CG,28.641,50.143,11.316
E,0,PRO,CD,28.338,49.095,10.257
E,0,SER,N,29.846,47.66,14.361
E,0,SER,CA,29.275,47.425,15.683
E,0,SER,C,28.887,48.787,16.253
E,0,SER,O,27.845,48.921,16.903
E,0,SER,CB,30.287,46.765,16.622
E,0,SER,OG,30.489,45.391,16.311
E,0,LEU,N,29.707,49.802,15.982
E,0,LEU,CA,29.454,51.134,16.515
E,0,LEU,C,28.685,52.05,15.581
E,0,LEU,O,28.91,52.067,14.344
E,0,LEU,CB,30.761,51.819,16.957
E,0,LEU,CG,31.574,51.324,18.183
E,0,LEU,CD1,30.793,51.581,19.455
E,0,LEU,CD2,31.983,49.828,18.068
E,0,LEU,N,27.781,52.814,16.201
E,0,LEU,CA,26.925,53.765,15.508
E,0,LEU,C,27.794,54.744,14.746
E,0,LEU,O,28.744,55.298,15.301
E,0,LEU,CB,26.032,54.496,16.518
E,0,LEU,CG,25.078,55.582,16.023
E,0,LEU,CD1,24.052,54.986,15.065
E,0,LEU,CD2,24.366,56.199,17.224
E,0,GLN,N,27.464,54.929,13.473
E,0,GLN,CA,28.18,55.839,12.574
E,0,GLN,C,27.441,57.178,12.406
E,0,GLN,O,26.208,57.223,12.395
E,0,GLN,CB,28.355,55.17,11.203
E,0,GLN,CG,29.182,53.889,11.233
E,0,GLN,CD,30.606,54.136,11.682
E,0,GLN,OE1,31.366,54.879,11.039
E,0,GLN,NE2,30.967,53.561,12.816
E,0,CYS,N,28.211,58.243,12.202
E,0,CYS,CA,27.7,59.602,12.061
E,0,CYS,C,28.244,60.216,10.78
E,0,CYS,O,29.359,59.886,10.367
E,0,CYS,CB,28.202,60.454,13.232
E,0,CYS,SG,27.281,60.296,14.798
E,0,LEU,N,27.487,61.148,10.198
E,0,LEU,CA,27.895,61.833,8.981
E,0,LEU,C,27.288,63.224,8.941
E,0,LEU,O,26.107,63.377,9.24
E,0,LEU,CB,27.409,61.064,7.747
E,0,LEU,CG,27.544,61.775,6.386
E,0,LEU,CD1,29.001,62.024,6.079
E,0,LEU,CD2,26.931,60.976,5.282
E,0,LYS,N,28.098,64.235,8.624
E,0,LYS,CA,27.591,65.606,8.485
E,0,LYS,C,27.373,65.81,6.977
E,0,LYS,O,28.27,65.521,6.165
E,0,LYS,CB,28.6,66.648,8.971
E,0,LYS,CG,29.203,66.376,10.326
E,0,LYS,CD,28.2,66.534,11.441
E,0,LYS,CE,28.914,66.494,12.803
E,0,LYS,NZ,29.933,67.596,12.955
E,0,ALA,N,26.198,66.312,6.608
E,0,ALA,CA,25.854,66.532,5.203
E,0,ALA,C,24.815,67.641,5.097
E,0,ALA,O,23.982,67.821,5.999
E,0,ALA,CB,25.31,65.218,4.554
E,0,PRO,N,24.857,68.403,3.993
E,0,PRO,CA,23.926,69.506,3.742
E,0,PRO,C,22.641,69.109,3.021
E,0,PRO,O,22.591,68.114,2.28
E,0,PRO,CB,24.748,70.412,2.836
E,0,PRO,CG,25.409,69.417,1.936
E,0,PRO,CD,25.887,68.347,2.938
E,0,VAL,N,21.61,69.922,3.24
E,0,VAL,CA,20.323,69.761,2.585
E,0,VAL,C,20.54,70.338,1.176
E,0,VAL,O,21.128,71.417,1.027
E,0,VAL,CB,19.234,70.589,3.277
E,0,VAL,CG1,17.957,70.533,2.466
E,0,VAL,CG2,18.981,70.058,4.692
E,0,LEU,N,20.079,69.622,0.157
E,0,LEU,CA,20.24,70.061,-1.224
E,0,LEU,C,19.014,70.819,-1.717
E,0,LEU,O,17.9,70.618,-1.228
E,0,LEU,CB,20.507,68.85,-2.137
E,0,LEU,CG,21.946,68.452,-2.432
E,0,LEU,CD1,22.868,68.69,-1.282
E,0,LEU,CD2,21.957,67.025,-2.821
E,0,SER,N,19.229,71.677,-2.703
E,0,SER,CA,18.145,72.448,-3.284
E,0,SER,C,17.235,71.518,-4.069
E,0,SER,O,17.676,70.501,-4.619
E,0,SER,CB,18.704,73.497,-4.256
E,0,SER,OG,19.165,72.875,-5.453
E,0,ASP,N,15.982,71.935,-4.187
E,0,ASP,CA,14.963,71.216,-4.925
E,0,ASP,C,15.37,70.944,-6.384
E,0,ASP,O,15.134,69.845,-6.906
E,0,ASP,CB,13.651,72.008,-4.875
E,0,ASP,CG,12.483,71.237,-5.44
E,0,ASP,OD1,12.221,70.116,-4.937
E,0,ASP,OD2,11.843,71.743,-6.391
E,0,SER,N,15.959,71.934,-7.051
E,0,SER,CA,16.372,71.743,-8.436
E,0,SER,C,17.423,70.63,-8.583
E,0,SER,O,17.295,69.772,-9.485
E,0,SER,CB,16.87,73.061,-9.036
E,0,SER,OG,17.752,73.717,-8.144
E,0,SER,N,18.423,70.612,-7.684
E,0,SER,CA,19.491,69.592,-7.689
E,0,SER,C,18.952,68.176,-7.424
E,0,SER,O,19.351,67.198,-8.073
E,0,SER,CB,20.535,69.909,-6.615
E,0,SER,OG,21.018,71.226,-6.765
E,0,CYS,N,18.047,68.087,-6.457
E,0,CYS,CA,17.461,66.823,-6.078
E,0,CYS,C,16.661,66.303,-7.258
E,0,CYS,O,16.838,65.164,-7.702
E,0,CYS,CB,16.557,67.037,-4.855
E,0,CYS,SG,15.975,65.515,-4.051
E,0,LYS,N,15.817,67.176,-7.797
E,0,LYS,CA,14.993,66.841,-8.936
E,0,LYS,C,15.846,66.569,-10.179
E,0,LYS,O,15.498,65.707,-10.983
E,0,LYS,CB,13.948,67.936,-9.165
E,0,LYS,CG,12.785,67.827,-8.185
E,0,LYS,CD,11.795,68.935,-8.316
E,0,LYS,CE,10.597,68.662,-7.399
E,0,LYS,NZ,9.827,69.919,-7.135
E,0,SER,N,16.977,67.255,-10.324
E,0,SER,CA,17.833,66.982,-11.472
E,0,SER,C,18.484,65.617,-11.318
E,0,SER,O,18.699,64.91,-12.31
E,0,SER,CB,18.91,68.043,-11.64
E,0,SER,OG,18.334,69.251,-12.101
E,0,SER,N,18.768,65.23,-10.076
E,0,SER,CA,19.386,63.933,-9.815
E,0,SER,C,18.451,62.758,-10.002
E,0,SER,O,18.895,61.675,-10.387
E,0,SER,CB,19.961,63.883,-8.401
E,0,SER,OG,20.897,64.921,-8.218
E,0,TYR,N,17.168,62.944,-9.708
E,0,TYR,CA,16.21,61.849,-9.827
E,0,TYR,C,15.0,62.251,-10.646
E,0,TYR,O,13.889,62.401,-10.106
E,0,TYR,CB,15.744,61.382,-8.431
E,0,TYR,CG,16.817,60.709,-7.591
E,0,TYR,CD1,17.074,59.349,-7.722
E,0,TYR,CD2,17.56,61.437,-6.651
E,0,TYR,CE1,18.043,58.713,-6.934
E,0,TYR,CE2,18.523,60.816,-5.858
E,0,TYR,CZ,18.759,59.452,-6.002
E,0,TYR,OH,19.701,58.816,-5.214
E,0,PRO,N,15.177,62.399,-11.97
E,0,PRO,CA,14.068,62.794,-12.85
E,0,PRO,C,12.739,62.028,-12.655
E,0,PRO,O,12.693,60.797,-12.698
E,0,PRO,CB,14.665,62.592,-14.248
E,0,PRO,CG,16.102,62.963,-14.043
E,0,PRO,CD,16.438,62.266,-12.732
E,0,GLY,N,11.677,62.769,-12.362
E,0,GLY,CA,10.366,62.172,-12.201
E,0,GLY,C,10.158,61.296,-10.992
E,0,GLY,O,9.167,60.567,-10.937
E,0,GLN,N,11.065,61.38,-10.022
E,0,GLN,CA,10.966,60.552,-8.825
E,0,GLN,C,10.812,61.243,-7.486
E,0,GLN,O,10.544,60.579,-6.478
E,0,GLN,CB,12.174,59.637,-8.735
E,0,GLN,CG,12.214,58.617,-9.825
E,0,GLN,CD,13.351,57.662,-9.651
E,0,GLN,OE1,14.514,58.055,-9.682
E,0,GLN,NE2,13.027,56.394,-9.437
E,0,ILE,N,11.004,62.554,-7.452
E,0,ILE,CA,10.93,63.301,-6.202
E,0,ILE,C,9.555,63.93,-6.03
E,0,ILE,O,9.102,64.704,-6.87
E,0,ILE,CB,12.038,64.402,-6.177
E,0,ILE,CG1,13.406,63.774,-6.472
E,0,ILE,CG2,12.075,65.143,-4.842
E,0,ILE,CD1,13.839,62.695,-5.479
E,0,THR,N,8.883,63.581,-4.945
E,0,THR,CA,7.568,64.142,-4.664
E,0,THR,C,7.822,65.345,-3.738
E,0,THR,O,8.988,65.574,-3.339
E,0,THR,CB,6.662,63.103,-3.955
E,0,THR,OG1,7.199,62.79,-2.669
E,0,THR,CG2,6.603,61.797,-4.74
E,0,GLY,N,6.766,66.061,-3.342
E,0,GLY,CA,6.924,67.201,-2.461
E,0,GLY,C,7.193,66.778,-1.011
E,0,GLY,O,7.367,67.61,-0.133
E,0,ASN,N,7.237,65.472,-0.769
E,0,ASN,CA,7.501,64.944,0.578
E,0,ASN,C,8.906,64.338,0.712
E,0,ASN,O,9.194,63.584,1.664
E,0,ASN,CB,6.448,63.898,0.939
E,0,ASN,CG,5.065,64.475,0.944
E,0,ASN,OD1,4.843,65.548,1.49
E,0,ASN,ND2,4.138,63.808,0.275
E,0,MET,N,9.801,64.738,-0.192
E,0,MET,CA,11.153,64.206,-0.212
E,0,MET,C,12.176,65.306,-0.354
E,0,MET,O,11.915,66.314,-1.013
E,0,MET,CB,11.32,63.248,-1.406
E,0,MET,CG,10.325,62.11,-1.466
E,0,MET,SD,10.582,61.069,-2.892
E,0,MET,CE,9.336,59.796,-2.669
E,0,ILE,N,13.316,65.128,0.31
E,0,ILE,CA,14.442,66.056,0.2
E,0,ILE,C,15.7,65.221,0.002
E,0,ILE,O,15.755,64.061,0.43
E,0,ILE,CB,14.662,66.963,1.461
E,0,ILE,CG1,14.641,66.147,2.752
E,0,ILE,CG2,13.657,68.131,1.498
E,0,ILE,CD1,15.155,66.943,3.924
E,0,CYS,N,16.672,65.779,-0.712
E,0,CYS,CA,17.964,65.13,-0.927
E,0,CYS,C,18.92,65.757,0.079
E,0,CYS,O,18.867,66.973,0.329
E,0,CYS,CB,18.491,65.419,-2.319
E,0,CYS,SG,17.697,64.49,-3.649
E,0,VAL,N,19.72,64.926,0.731
E,0,VAL,CA,20.706,65.416,1.7
E,0,VAL,C,21.944,64.625,1.324
E,0,VAL,O,21.862,63.414,1.094
E,0,VAL,CB,20.296,65.127,3.18
E,0,VAL,CG1,21.353,65.663,4.136
E,0,VAL,CG2,18.973,65.789,3.497
E,0,GLY,N,23.062,65.3,1.127
E,0,GLY,CA,24.248,64.561,0.754
E,0,GLY,C,25.169,65.367,-0.114
E,0,GLY,O,25.154,66.6,-0.072
E,0,PHE,N,25.935,64.654,-0.934
E,0,PHE,CA,26.941,65.251,-1.819
E,0,PHE,C,26.792,64.782,-3.269
E,0,PHE,O,26.748,63.579,-3.534
E,0,PHE,CB,28.337,64.865,-1.309
E,0,PHE,CG,28.583,65.271,0.111
E,0,PHE,CD1,29.102,66.53,0.408
E,0,PHE,CD2,28.265,64.411,1.166
E,0,PHE,CE1,29.305,66.934,1.74
E,0,PHE,CE2,28.463,64.81,2.513
E,0,PHE,CZ,28.983,66.069,2.794
E,0,LEU,N,26.72,65.728,-4.202
E,0,LEU,CA,26.602,65.389,-5.621
E,0,LEU,C,27.832,64.641,-6.107
E,0,LEU,O,27.775,63.923,-7.088
E,0,LEU,CB,26.426,66.636,-6.473
E,0,LEU,CG,25.131,67.395,-6.268
E,0,LEU,CD1,25.083,68.551,-7.247
E,0,LEU,CD2,23.985,66.447,-6.485
E,0,GLU,N,28.933,64.791,-5.387
E,0,GLU,CA,30.172,64.129,-5.737
E,0,GLU,C,30.204,62.663,-5.314
E,0,GLU,O,31.122,61.951,-5.691
E,0,GLU,CB,31.353,64.858,-5.098
E,0,GLU,CG,31.221,66.387,-5.074
E,0,GLU,CD,30.589,66.904,-3.785
E,0,GLU,OE1,31.291,66.889,-2.748
E,0,GLU,OE2,29.404,67.315,-3.8
E,0,GLY,N,29.207,62.197,-4.562
E,0,GLY,CA,29.217,60.811,-4.1
E,0,GLY,C,30.249,60.635,-2.975
E,0,GLY,O,30.833,61.617,-2.514
E,0,GLY,N,30.45,59.415,-2.484
E,0,GLY,CA,31.442,59.205,-1.437
E,0,GLY,C,30.978,59.159,0.011
E,0,GLY,O,31.589,58.468,0.833
E,0,LYS,N,29.932,59.904,0.344
E,0,LYS,CA,29.409,59.925,1.705
E,0,LYS,C,27.893,59.858,1.568
E,0,LYS,O,27.321,60.642,0.809
E,0,LYS,CB,29.818,61.22,2.393
E,0,LYS,CG,31.306,61.332,2.674
E,0,LYS,CD,31.667,62.777,2.93
E,0,LYS,CE,32.412,62.946,4.215
E,0,LYS,NZ,32.713,64.393,4.398
E,0,ASP,N,27.238,58.995,2.344
E,0,ASP,CA,25.792,58.816,2.218
E,0,ASP,C,25.305,57.787,3.24
E,0,ASP,O,26.114,57.108,3.874
E,0,ASP,CB,25.548,58.2,0.823
E,0,ASP,CG,24.14,58.404,0.291
E,0,ASP,OD1,23.25,58.914,1.014
E,0,ASP,OD2,23.922,58.035,-0.88
E,0,SER,N,23.982,57.654,3.356
E,0,SER,CA,23.362,56.623,4.172
E,0,SER,C,23.256,55.39,3.247
E,0,SER,O,23.305,55.532,2.011
E,0,SER,CB,21.986,57.076,4.631
E,0,SER,OG,21.25,57.672,3.565
E,0,CYS,N,23.049,54.2,3.817
E,0,CYS,CA,23.007,52.968,3.03
E,0,CYS,C,22.097,51.913,3.681
E,0,CYS,O,21.464,52.192,4.687
E,0,CYS,CB,24.435,52.456,2.872
E,0,CYS,SG,24.718,51.408,1.41
E,0,GLN,N,21.982,50.725,3.095
E,0,GLN,CA,21.105,49.693,3.654
E,0,GLN,C,21.386,49.452,5.151
E,0,GLN,O,22.542,49.296,5.561
E,0,GLN,CB,21.215,48.387,2.848
E,0,GLN,CG,20.364,48.33,1.572
E,0,GLN,CD,20.765,49.357,0.513
E,0,GLN,OE1,21.958,49.544,0.237
E,0,GLN,NE2,19.779,50.021,-0.089
E,0,GLY,N,20.317,49.429,5.951
E,0,GLY,CA,20.431,49.256,7.393
E,0,GLY,C,20.241,50.591,8.101
E,0,GLY,O,20.016,50.622,9.311
E,0,ASP,N,20.349,51.698,7.356
E,0,ASP,CA,20.187,53.058,7.895
E,0,ASP,C,18.751,53.548,7.81
E,0,ASP,O,18.406,54.514,8.488
E,0,ASP,CB,21.08,54.084,7.18
E,0,ASP,CG,22.558,53.923,7.503
E,0,ASP,OD1,22.903,53.619,8.661
E,0,ASP,OD2,23.39,54.124,6.598
E,0,SER,N,17.935,52.915,6.96
E,0,SER,CA,16.516,53.271,6.814
E,0,SER,C,15.795,53.596,8.12
E,0,SER,O,15.978,52.877,9.123
E,0,SER,CB,15.758,52.133,6.163
E,0,SER,OG,15.607,52.436,4.803
E,0,GLY,N,14.941,54.635,8.091
E,0,GLY,CA,14.212,55.043,9.285
E,0,GLY,C,15.007,55.948,10.22
E,0,GLY,O,14.421,56.626,11.064
E,0,GLY,N,16.323,56.016,10.025
E,0,GLY,CA,17.198,56.829,10.854
E,0,GLY,C,16.992,58.315,10.742
E,0,GLY,O,16.505,58.806,9.728
E,0,PRO,N,17.445,59.07,11.744
E,0,PRO,CA,17.327,60.519,11.833
E,0,PRO,C,18.292,61.366,11.023
E,0,PRO,O,19.426,60.966,10.754
E,0,PRO,CB,17.547,60.763,13.324
E,0,PRO,CG,18.604,59.788,13.653
E,0,PRO,CD,18.196,58.534,12.897
E,0,VAL,N,17.788,62.503,10.567
E,0,VAL,CA,18.596,63.5,9.876
E,0,VAL,C,18.248,64.709,10.731
E,0,VAL,O,17.106,65.176,10.716
E,0,VAL,CB,18.169,63.772,8.418
E,0,VAL,CG1,19.051,64.894,7.838
E,0,VAL,CG2,18.298,62.498,7.58
E,0,VAL,N,19.206,65.169,11.523
E,0,VAL,CA,18.967,66.282,12.439
E,0,VAL,C,19.757,67.523,12.038
E,0,VAL,O,20.966,67.443,11.814
E,0,VAL,CB,19.283,65.83,13.932
E,0,VAL,CG1,19.123,67.003,14.923
E,0,VAL,CG2,18.328,64.696,14.348
E,0,CYS,N,19.062,68.652,11.922
E,0,CYS,CA,19.669,69.931,11.533
E,0,CYS,C,19.24,70.984,12.552
E,0,CYS,O,18.051,71.178,12.772
E,0,CYS,CB,19.181,70.353,10.143
E,0,CYS,SG,18.795,68.949,9.04
E,0,ASN,N,20.207,71.649,13.181
E,0,ASN,CA,19.926,72.682,14.189
E,0,ASN,C,19.07,72.13,15.325
E,0,ASN,O,18.148,72.796,15.791
E,0,ASN,CB,19.199,73.899,13.582
E,0,ASN,CG,19.956,74.53,12.429
E,0,ASN,OD1,21.19,74.555,12.41
E,0,ASN,ND2,19.211,75.05,11.455
E,0,GLY,N,19.319,70.881,15.7
E,0,GLY,CA,18.578,70.265,16.784
E,0,GLY,C,17.148,69.842,16.498
E,0,GLY,O,16.429,69.486,17.435
E,0,GLN,N,16.733,69.855,15.233
E,0,GLN,CA,15.371,69.453,14.881
E,0,GLN,C,15.444,68.334,13.866
E,0,GLN,O,16.307,68.359,12.979
E,0,GLN,CB,14.612,70.618,14.254
E,0,GLN,CG,14.63,71.901,15.067
E,0,GLN,CD,14.101,73.065,14.262
E,0,GLN,OE1,12.923,73.391,14.327
E,0,GLN,NE2,14.957,73.653,13.444
E,0,LEU,N,14.548,67.364,13.987
E,0,LEU,CA,14.508,66.232,13.064
E,0,LEU,C,13.938,66.702,11.728
E,0,LEU,O,12.733,66.922,11.629
E,0,LEU,CB,13.592,65.143,13.614
E,0,LEU,CG,13.416,63.901,12.745
E,0,LEU,CD1,14.727,63.142,12.677
E,0,LEU,CD2,12.336,63.037,13.336
E,0,GLN,N,14.776,66.818,10.697
E,0,GLN,CA,14.285,67.281,9.399
E,0,GLN,C,14.056,66.161,8.381
E,0,GLN,O,13.261,66.32,7.455
E,0,GLN,CB,15.221,68.363,8.826
E,0,GLN,CG,15.166,69.722,9.563
E,0,GLN,CD,13.894,70.543,9.269
E,0,GLN,OE1,13.036,70.139,8.498
E,0,GLN,NE2,13.775,71.684,9.905
E,0,GLY,N,14.721,65.022,8.54
E,0,GLY,CA,14.517,63.954,7.578
E,0,GLY,C,14.619,62.561,8.159
E,0,GLY,O,15.088,62.374,9.295
E,0,ILE,N,14.104,61.587,7.411
E,0,ILE,CA,14.172,60.192,7.796
E,0,ILE,C,14.801,59.448,6.625
E,0,ILE,O,14.375,59.648,5.49
E,0,ILE,CB,12.763,59.622,8.084
E,0,ILE,CG1,12.157,60.335,9.308
E,0,ILE,CG2,12.84,58.123,8.318
E,0,ILE,CD1,10.685,60.137,9.452
E,0,VAL,N,15.835,58.638,6.882
E,0,VAL,CA,16.502,57.878,5.821
E,0,VAL,C,15.456,57.054,5.065
E,0,VAL,O,14.716,56.252,5.649
E,0,VAL,CB,17.593,56.941,6.376
E,0,VAL,CG1,18.308,56.172,5.219
E,0,VAL,CG2,18.606,57.746,7.166
E,0,SER,N,15.436,57.197,3.751
E,0,SER,CA,14.434,56.495,2.976
E,0,SER,C,14.969,55.632,1.824
E,0,SER,O,14.915,54.409,1.884
E,0,SER,CB,13.401,57.539,2.48
E,0,SER,OG,12.335,56.94,1.792
E,0,TRP,N,15.506,56.258,0.782
E,0,TRP,CA,15.958,55.471,-0.356
E,0,TRP,C,16.972,56.26,-1.162
E,0,TRP,O,17.326,57.389,-0.81
E,0,TRP,CB,14.752,55.104,-1.246
E,0,TRP,CG,14.097,56.32,-1.914
E,0,TRP,CD1,13.166,57.155,-1.364
E,0,TRP,CD2,14.331,56.816,-3.26
E,0,TRP,NE1,12.801,58.129,-2.275
E,0,TRP,CE2,13.501,57.943,-3.442
E,0,TRP,CE3,15.164,56.411,-4.32
E,0,TRP,CZ2,13.474,58.676,-4.646
E,0,TRP,CZ3,15.138,57.138,-5.512
E,0,TRP,CH2,14.3,58.253,-5.661
E,0,GLY,N,17.49,55.614,-2.197
E,0,GLY,CA,18.449,56.245,-3.077
E,0,GLY,C,18.826,55.245,-4.156
E,0,GLY,O,18.386,54.086,-4.129
E,0,TYR,N,19.638,55.699,-5.104
E,0,TYR,CA,20.115,54.862,-6.196
E,0,TYR,C,21.466,54.389,-5.651
E,0,TYR,O,22.464,55.115,-5.746
E,0,TYR,CB,20.3,55.716,-7.448
E,0,TYR,CG,20.818,54.93,-8.625
E,0,TYR,CD1,19.958,54.164,-9.406
E,0,TYR,CD2,22.177,54.937,-8.947
E,0,TYR,CE1,20.434,53.424,-10.48
E,0,TYR,CE2,22.661,54.2,-10.014
E,0,TYR,CZ,21.784,53.446,-10.777
E,0,TYR,OH,22.26,52.719,-11.839
E,0,GLY,N,21.471,53.193,-5.052
E,0,GLY,CA,22.663,52.677,-4.412
E,0,GLY,C,22.983,53.574,-3.213
E,0,GLY,O,22.093,54.219,-2.615
E,0,CYS,N,24.265,53.637,-2.872
E,0,CYS,CA,24.74,54.473,-1.783
E,0,CYS,C,26.024,55.162,-2.215
E,0,CYS,O,26.921,54.525,-2.791
E,0,CYS,CB,25.07,53.631,-0.563
E,0,CYS,SG,23.838,52.385,-0.149
E,0,ALA,N,26.084,56.465,-1.974
E,0,ALA,CA,27.252,57.275,-2.261
E,0,ALA,C,27.657,57.332,-3.725
E,0,ALA,O,28.819,57.577,-4.027
E,0,ALA,CB,28.426,56.812,-1.402
E,0,GLN,N,26.695,57.178,-4.628
E,0,GLN,CA,26.998,57.223,-6.054
E,0,GLN,C,27.066,58.659,-6.497
E,0,GLN,O,26.362,59.529,-5.965
E,0,GLN,CB,25.937,56.487,-6.853
E,0,GLN,CG,25.796,55.035,-6.446
E,0,GLN,CD,27.118,54.298,-6.535
E,0,GLN,OE1,27.815,54.406,-7.535
E,0,GLN,NE2,27.491,53.584,-5.476
E,0,LYS,N,27.967,58.921,-7.434
E,0,LYS,CA,28.154,60.26,-7.983
E,0,LYS,C,26.819,60.76,-8.557
E,0,LYS,O,26.132,60.021,-9.257
E,0,LYS,CB,29.243,60.221,-9.068
E,0,LYS,CG,29.558,61.562,-9.668
E,0,LYS,CD,30.698,61.452,-10.657
E,0,LYS,CE,31.043,62.806,-11.273
E,0,LYS,NZ,30.021,63.29,-12.243
E,0,ASN,N,26.408,61.966,-8.169
E,0,ASN,CA,25.159,62.554,-8.657
E,0,ASN,C,23.863,61.883,-8.219
E,0,ASN,O,22.785,62.134,-8.794
E,0,ASN,CB,25.183,62.627,-10.172
E,0,ASN,CG,25.914,63.831,-10.648
E,0,ASN,OD1,26.938,63.726,-11.311
E,0,ASN,ND2,25.415,65.005,-10.273
E,0,LYS,N,23.957,61.035,-7.201
E,0,LYS,CA,22.788,60.325,-6.699
E,0,LYS,C,22.756,60.405,-5.173
E,0,LYS,O,23.027,59.417,-4.475
E,0,LYS,CB,22.832,58.865,-7.162
E,0,LYS,CG,22.661,58.683,-8.657
E,0,LYS,CD,21.3,59.143,-9.087
E,0,LYS,CE,21.052,58.835,-10.551
E,0,LYS,NZ,19.595,58.622,-10.813
E,0,PRO,N,22.492,61.611,-4.641
E,0,PRO,CA,22.436,61.799,-3.188
E,0,PRO,C,21.302,60.999,-2.578
E,0,PRO,O,20.415,60.542,-3.286
E,0,PRO,CB,22.216,63.306,-3.043
E,0,PRO,CG,21.475,63.664,-4.309
E,0,PRO,CD,22.229,62.874,-5.352
E,0,GLY,N,21.361,60.767,-1.273
E,0,GLY,CA,20.285,60.021,-0.657
E,0,GLY,C,19.009,60.837,-0.576
E,0,GLY,O,19.052,62.07,-0.452
E,0,VAL,N,17.869,60.153,-0.64
E,0,VAL,CA,16.566,60.804,-0.559
E,0,VAL,C,15.999,60.429,0.815
E,0,VAL,O,16.096,59.264,1.254
E,0,VAL,CB,15.608,60.377,-1.692
E,0,VAL,CG1,14.313,61.166,-1.599
E,0,VAL,CG2,16.282,60.599,-3.093
E,0,TYR,N,15.408,61.433,1.462
E,0,TYR,CA,14.87,61.36,2.819
E,0,TYR,C,13.456,61.895,2.893
E,0,TYR,O,13.091,62.802,2.147
E,0,TYR,CB,15.74,62.245,3.724
E,0,TYR,CG,17.189,61.805,3.784
E,0,TYR,CD1,18.086,62.132,2.757
E,0,TYR,CD2,17.645,60.989,4.818
E,0,TYR,CE1,19.388,61.646,2.748
E,0,TYR,CE2,18.954,60.499,4.83
E,0,TYR,CZ,19.82,60.825,3.791
E,0,TYR,OH,21.1,60.332,3.792
E,0,THR,N,12.679,61.372,3.829
E,0,THR,CA,11.319,61.844,4.032
E,0,THR,C,11.389,63.252,4.633
E,0,THR,O,12.148,63.501,5.584
E,0,THR,CB,10.557,60.9,4.983
E,0,THR,OG1,10.578,59.575,4.426
E,0,THR,CG2,9.095,61.353,5.171
E,0,LYS,N,10.623,64.175,4.06
E,0,LYS,CA,10.615,65.559,4.536
E,0,LYS,C,9.707,65.687,5.786
E,0,LYS,O,8.501,65.887,5.666
E,0,LYS,CB,10.134,66.454,3.395
E,0,LYS,CG,10.408,67.922,3.566
E,0,LYS,CD,9.886,68.681,2.352
E,0,LYS,CE,10.192,70.138,2.455
E,0,LYS,NZ,9.819,70.811,1.182
E,0,VAL,N,10.3,65.552,6.969
E,0,VAL,CA,9.573,65.595,8.24
E,0,VAL,C,8.764,66.869,8.514
E,0,VAL,O,7.708,66.797,9.12
E,0,VAL,CB,10.541,65.303,9.455
E,0,VAL,CG1,9.813,65.446,10.814
E,0,VAL,CG2,11.148,63.896,9.312
E,0,CYS,N,9.232,68.027,8.059
E,0,CYS,CA,8.503,69.265,8.316
E,0,CYS,C,7.068,69.262,7.75
E,0,CYS,O,6.221,70.042,8.177
E,0,CYS,CB,9.293,70.456,7.786
E,0,CYS,SG,9.456,70.484,5.975
E,0,ASN,N,6.792,68.376,6.803
E,0,ASN,CA,5.456,68.28,6.225
E,0,ASN,C,4.536,67.47,7.12
E,0,ASN,O,3.316,67.474,6.917
E,0,ASN,CB,5.5,67.585,4.846
E,0,ASN,CG,6.173,68.438,3.767
E,0,ASN,OD1,6.546,69.586,4.013
E,0,ASN,ND2,6.312,67.88,2.558
E,0,TYR,N,5.085,66.849,8.161
E,0,TYR,CA,4.279,65.974,8.99
E,0,TYR,C,4.106,66.315,10.443
E,0,TYR,O,3.605,65.476,11.192
E,0,TYR,CB,4.805,64.537,8.899
E,0,TYR,CG,4.879,64.028,7.484
E,0,TYR,CD1,3.783,63.405,6.897
E,0,TYR,CD2,6.047,64.191,6.72
E,0,TYR,CE1,3.836,62.957,5.587
E,0,TYR,CE2,6.112,63.743,5.409
E,0,TYR,CZ,4.999,63.129,4.851
E,0,TYR,OH,5.042,62.689,3.555
E,0,VAL,N,4.476,67.526,10.851
E,0,VAL,CA,4.34,67.899,12.266
E,0,VAL,C,2.901,67.847,12.792
E,0,VAL,O,2.674,67.347,13.889
E,0,VAL,CB,5.003,69.238,12.555
E,0,VAL,CG1,4.851,69.604,14.035
E,0,VAL,CG2,6.471,69.137,12.194
E,0,ASN,N,1.928,68.255,11.975
E,0,ASN,CA,0.524,68.222,12.374
E,0,ASN,C,-0.016,66.827,12.508
E,0,ASN,O,-0.718,66.524,13.48
E,0,ASN,CB,-0.34,68.978,11.386
E,0,ASN,CG,-0.258,70.45,11.587
E,0,ASN,OD1,0.113,71.208,10.679
E,0,ASN,ND2,-0.574,70.883,12.805
E,0,TRP,N,0.272,65.985,11.514
E,0,TRP,CA,-0.175,64.594,11.544
E,0,TRP,C,0.419,63.922,12.802
E,0,TRP,O,-0.267,63.175,13.514
E,0,TRP,CB,0.279,63.842,10.278
E,0,TRP,CG,-0.047,62.376,10.307
E,0,TRP,CD1,-1.292,61.816,10.246
E,0,TRP,CD2,0.875,61.283,10.457
E,0,TRP,NE1,-1.204,60.446,10.36
E,0,TRP,CE2,0.114,60.092,10.491
E,0,TRP,CE3,2.268,61.195,10.567
E,0,TRP,CZ2,0.694,58.826,10.637
E,0,TRP,CZ3,2.844,59.932,10.711
E,0,TRP,CH2,2.056,58.767,10.746
E,0,ILE,N,1.701,64.161,13.046
E,0,ILE,CA,2.362,63.581,14.203
E,0,ILE,C,1.649,64.018,15.492
E,0,ILE,O,1.179,63.185,16.276
E,0,ILE,CB,3.862,63.971,14.218
E,0,ILE,CG1,4.596,63.218,13.091
E,0,ILE,CG2,4.495,63.669,15.588
E,0,ILE,CD1,5.931,63.838,12.704
E,0,GLN,N,1.5,65.322,15.672
E,0,GLN,CA,0.837,65.837,16.863
E,0,GLN,C,-0.596,65.328,17.044
E,0,GLN,O,-0.962,64.866,18.128
E,0,GLN,CB,0.941,67.365,16.909
E,0,GLN,CG,2.372,67.799,17.148
E,0,GLN,CD,2.564,69.292,17.121
E,0,GLN,OE1,1.819,70.015,16.461
E,0,GLN,NE2,3.586,69.767,17.827
E,0,GLN,N,-1.377,65.325,15.974
E,0,GLN,CA,-2.735,64.838,16.067
E,0,GLN,C,-2.767,63.362,16.415
E,0,GLN,O,-3.589,62.93,17.232
E,0,GLN,CB,-3.48,65.079,14.759
E,0,GLN,CG,-3.918,66.53,14.571
E,0,GLN,CD,-4.335,66.854,13.136
E,0,GLN,OE1,-3.973,67.907,12.597
E,0,GLN,NE2,-5.087,65.943,12.507
E,0,THR,N,-1.871,62.583,15.808
E,0,THR,CA,-1.835,61.144,16.058
E,0,THR,C,-1.45,60.848,17.497
E,0,THR,O,-2.033,59.962,18.13
E,0,THR,CB,-0.869,60.384,15.101
E,0,THR,OG1,-1.267,60.611,13.747
E,0,THR,CG2,-0.913,58.869,15.381
E,0,ILE,N,-0.497,61.61,18.017
E,0,ILE,CA,-0.058,61.421,19.384
E,0,ILE,C,-1.149,61.833,20.359
E,0,ILE,O,-1.321,61.185,21.383
E,0,ILE,CB,1.225,62.222,19.683
E,0,ILE,CG1,2.426,61.551,19.013
E,0,ILE,CG2,1.458,62.331,21.189
E,0,ILE,CD1,3.719,62.328,19.155
E,0,ALA,N,-1.903,62.882,20.025
E,0,ALA,CA,-2.948,63.38,20.912
E,0,ALA,C,-4.157,62.465,20.956
E,0,ALA,O,-4.833,62.363,21.976
E,0,ALA,CB,-3.367,64.798,20.52
E,0,ALA,N,-4.388,61.755,19.869
E,0,ALA,CA,-5.521,60.868,19.788
E,0,ALA,C,-5.222,59.428,20.2
E,0,ALA,O,-6.127,58.585,20.136
E,0,ALA,CB,-6.063,60.895,18.369
E,0,ASN,N,-3.979,59.147,20.613
E,0,ASN,CA,-3.553,57.789,20.986
E,0,ASN,C,-2.778,57.635,22.312
E,0,ASN,O,-1.957,56.699,22.397
E,0,ASN,CB,-2.719,57.182,19.855
E,0,ASN,CG,-3.558,56.755,18.698
E,0,ASN,OD1,-4.22,55.718,18.736
E,0,ASN,ND2,-3.556,57.555,17.655
E,0,ASN,O,-3.009,58.408,23.266
I,1,LYS,N,22.471,45.993,-11.296
I,1,LYS,CA,23.483,45.983,-10.208
I,1,LYS,C,23.092,46.983,-9.135
I,1,LYS,O,22.8,46.597,-8.0
I,1,LYS,CB,24.874,46.325,-10.737
I,1,LYS,CG,26.001,45.821,-9.846
I,1,LYS,CD,27.284,46.597,-10.063
I,1,LYS,CE,27.145,48.015,-9.534
I,1,LYS,NZ,28.392,48.805,-9.702
I,1,VAL,N,23.084,48.265,-9.503
I,1,VAL,CA,22.719,49.348,-8.59
I,1,VAL,C,21.403,49.956,-9.102
I,1,VAL,O,21.264,50.204,-10.297
I,1,VAL,CB,23.879,50.409,-8.493
I,1,VAL,CG1,24.2,50.985,-9.863
I,1,VAL,CG2,23.544,51.506,-7.506
I,1,CYS,N,20.431,50.126,-8.207
I,1,CYS,CA,19.122,50.672,-8.567
I,1,CYS,C,18.538,51.508,-7.445
I,1,CYS,O,19.131,51.614,-6.375
I,1,CYS,CB,18.141,49.538,-8.876
I,1,CYS,SG,18.72,48.333,-10.11
I,1,ALA,N,17.374,52.104,-7.698
I,1,ALA,CA,16.683,52.917,-6.701
I,1,ALA,C,15.975,51.932,-5.755
I,1,ALA,O,15.016,51.256,-6.146
I,1,ALA,CB,15.687,53.829,-7.373
I,1,CYS,N,16.463,51.854,-4.521
I,1,CYS,CA,15.931,50.92,-3.542
I,1,CYS,C,15.86,51.529,-2.149
I,1,CYS,O,16.612,52.463,-1.825
I,1,CYS,CB,16.852,49.717,-3.45
I,1,CYS,SG,16.809,48.639,-4.906
I,1,PRO,N,14.919,51.041,-1.316
I,1,PRO,CA,14.826,51.587,0.036
I,1,PRO,C,16.075,51.096,0.765
I,1,PRO,O,16.673,50.074,0.379
I,1,PRO,CB,13.537,50.97,0.564
I,1,PRO,CG,13.463,49.663,-0.148
I,1,PRO,CD,13.889,50.02,-1.549
I,1,LYS,N,16.498,51.831,1.785
I,1,LYS,CA,17.704,51.473,2.524
I,1,LYS,C,17.507,50.56,3.747
I,1,LYS,O,18.185,50.682,4.763
I,1,LYS,CB,18.48,52.761,2.854
I,1,LYS,CG,19.101,53.376,1.6
I,1,LYS,CD,19.587,54.792,1.807
I,1,LYS,CE,20.291,55.3,0.536
I,1,LYS,NZ,20.917,56.642,0.794
I,1,ILE,N,16.595,49.613,3.623
I,1,ILE,CA,16.291,48.701,4.709
I,1,ILE,C,17.196,47.458,4.661
I,1,ILE,O,17.706,47.108,3.596
I,1,ILE,CB,14.79,48.302,4.612
I,1,ILE,CG1,14.378,47.35,5.747
I,1,ILE,CG2,14.469,47.755,3.215
I,1,ILE,CD1,12.824,47.124,5.869
I,1,LEU,N,17.478,46.852,5.816
I,1,LEU,CA,18.26,45.622,5.822
I,1,LEU,C,17.23,44.562,6.142
I,1,LEU,O,16.651,44.54,7.228
I,1,LEU,CB,19.368,45.635,6.877
I,1,LEU,CG,20.223,44.355,7.0
I,1,LEU,CD1,20.923,43.966,5.688
I,1,LEU,CD2,21.252,44.575,8.061
I,1,LYS,N,16.94,43.734,5.153
I,1,LYS,CA,15.962,42.668,5.274
I,1,LYS,C,16.531,41.643,4.294
I,1,LYS,O,16.016,41.484,3.185
I,1,LYS,CB,14.626,43.217,4.792
I,1,LYS,CG,13.42,42.383,5.086
I,1,LYS,CD,12.162,43.221,4.879
I,1,LYS,CE,10.893,42.418,5.137
I,1,LYS,NZ,9.639,43.248,5.051
I,1,PRO,N,17.645,40.978,4.678
I,1,PRO,CA,18.363,39.968,3.88
I,1,PRO,C,17.474,38.987,3.161
I,1,PRO,O,16.427,38.554,3.674
I,1,PRO,CB,19.236,39.264,4.909
I,1,PRO,CG,19.529,40.352,5.858
I,1,PRO,CD,18.171,40.995,6.048
I,1,VAL,N,17.911,38.622,1.965
I,1,VAL,CA,17.161,37.697,1.146
I,1,VAL,C,18.188,36.83,0.412
I,1,VAL,O,19.322,37.266,0.174
I,1,VAL,CB,16.187,38.496,0.219
I,1,VAL,CG1,16.726,38.662,-1.19
I,1,VAL,CG2,14.83,37.906,0.259
I,1,CYS,N,17.862,35.555,0.249
I,1,CYS,CA,18.742,34.627,-0.451
I,1,CYS,C,18.378,34.574,-1.933
I,1,CYS,O,17.195,34.548,-2.309
I,1,CYS,CB,18.672,33.229,0.173
I,1,CYS,SG,19.777,32.019,-0.623
I,1,GLY,N,19.405,34.538,-2.77
I,1,GLY,CA,19.199,34.521,-4.204
I,1,GLY,C,19.372,33.174,-4.881
I,1,GLY,O,20.094,32.295,-4.39
I,1,SER,N,18.714,33.033,-6.032
I,1,SER,CA,18.771,31.818,-6.839
I,1,SER,C,20.217,31.515,-7.199
I,1,SER,O,20.558,30.376,-7.492
I,1,SER,CB,17.935,31.981,-8.11
I,1,SER,OG,16.568,32.212,-7.798
I,1,ASP,N,21.063,32.543,-7.173
I,1,ASP,CA,22.486,32.381,-7.464
I,1,ASP,C,23.271,32.043,-6.184
I,1,ASP,O,24.501,32.177,-6.136
I,1,ASP,CB,23.048,33.65,-8.121
I,1,ASP,CG,23.067,34.854,-7.183
I,1,ASP,OD1,22.243,34.92,-6.244
I,1,ASP,OD2,23.912,35.745,-7.397
I,1,GLY,N,22.543,31.624,-5.149
I,1,GLY,CA,23.156,31.283,-3.881
I,1,GLY,C,23.728,32.476,-3.135
I,1,GLY,O,24.533,32.305,-2.215
I,1,ARG,N,23.326,33.685,-3.518
I,1,ARG,CA,23.828,34.88,-2.847
I,1,ARG,C,22.744,35.588,-2.055
I,1,ARG,O,21.59,35.625,-2.47
I,1,ARG,CB,24.424,35.869,-3.852
I,1,ARG,CG,25.664,35.389,-4.572
I,1,ARG,CD,26.322,36.542,-5.329
I,1,ARG,NE,27.445,36.096,-6.154
I,1,ARG,CZ,27.44,36.074,-7.486
I,1,ARG,NH1,26.369,36.473,-8.168
I,1,ARG,NH2,28.519,35.657,-8.139
I,1,THR,N,23.119,36.144,-0.91
I,1,THR,CA,22.17,36.885,-0.093
I,1,THR,C,22.365,38.378,-0.36
I,1,THR,O,23.5,38.87,-0.404
I,1,THR,CB,22.316,36.567,1.419
I,1,THR,OG1,21.448,37.421,2.184
I,1,THR,CG2,23.754,36.74,1.879
I,1,TYR,N,21.256,39.069,-0.61
I,1,TYR,CA,21.254,40.509,-0.89
I,1,TYR,C,20.675,41.273,0.293
I,1,TYR,O,19.832,40.745,1.027
I,1,TYR,CB,20.42,40.789,-2.133
I,1,TYR,CG,20.906,40.012,-3.317
I,1,TYR,CD1,21.988,40.469,-4.06
I,1,TYR,CD2,20.323,38.795,-3.667
I,1,TYR,CE1,22.486,39.733,-5.13
I,1,TYR,CE2,20.809,38.05,-4.734
I,1,TYR,CZ,21.892,38.527,-5.464
I,1,TYR,OH,22.37,37.832,-6.549
I,1,ALA,N,21.074,42.532,0.436
I,1,ALA,CA,20.611,43.352,1.549
I,1,ALA,C,19.09,43.368,1.65
I,1,ALA,O,18.538,43.38,2.746
I,1,ALA,CB,21.18,44.762,1.449
I,1,ASN,N,18.414,43.372,0.51
I,1,ASN,CA,16.96,43.341,0.487
I,1,ASN,C,16.463,42.879,-0.891
I,1,ASN,O,17.264,42.671,-1.808
I,1,ASN,CB,16.331,44.671,0.957
I,1,ASN,CG,16.731,45.862,0.114
I,1,ASN,OD1,16.546,45.876,-1.108
I,1,ASN,ND2,17.236,46.895,0.765
I,1,SER,N,15.162,42.656,-1.025
I,1,SER,CA,14.616,42.174,-2.281
I,1,SER,C,14.803,43.127,-3.445
I,1,SER,O,15.012,42.679,-4.568
I,1,SER,CB,13.149,41.839,-2.124
I,1,SER,OG,12.431,43.012,-1.823
I,1,CYS,N,14.74,44.429,-3.186
I,1,CYS,CA,14.912,45.415,-4.244
I,1,CYS,C,16.294,45.278,-4.867
I,1,CYS,O,16.45,45.335,-6.089
I,1,CYS,CB,14.717,46.833,-3.713
I,1,CYS,SG,14.871,48.124,-4.995
I,1,ILE,N,17.294,45.078,-4.027
I,1,ILE,CA,18.665,44.912,-4.492
I,1,ILE,C,18.836,43.548,-5.189
I,1,ILE,O,19.792,43.344,-5.947
I,1,ILE,CB,19.66,45.03,-3.314
I,1,ILE,CG1,19.574,46.417,-2.693
I,1,ILE,CG2,21.078,44.788,-3.777
I,1,ILE,CD1,20.35,46.523,-1.429
I,1,ALA,N,17.927,42.608,-4.916
I,1,ALA,CA,17.981,41.288,-5.546
I,1,ALA,C,17.45,41.43,-6.972
I,1,ALA,O,18.177,41.183,-7.928
I,1,ALA,CB,17.147,40.286,-4.765
I,1,ARG,N,16.197,41.872,-7.092
I,1,ARG,CA,15.529,42.092,-8.374
I,1,ARG,C,16.357,43.022,-9.253
I,1,ARG,O,16.426,42.846,-10.467
I,1,ARG,CB,14.141,42.696,-8.152
I,1,ARG,CG,13.102,41.702,-7.657
I,1,ARG,CD,11.867,42.402,-7.092
I,1,ARG,NE,12.124,43.034,-5.791
I,1,ARG,CZ,11.445,44.075,-5.301
I,1,ARG,NH1,10.455,44.624,-5.997
I,1,ARG,NH2,11.751,44.569,-4.107
I,1,CYS,N,16.991,44.007,-8.629
I,1,CYS,CA,17.848,44.958,-9.327
I,1,CYS,C,18.977,44.24,-10.07
I,1,CYS,O,19.592,44.793,-10.985
I,1,CYS,CB,18.462,45.93,-8.324
I,1,CYS,SG,19.769,46.981,-9.021
I,1,ASN,N,19.289,43.027,-9.633
I,1,ASN,CA,20.341,42.239,-10.248
I,1,ASN,C,19.781,41.044,-10.997
I,1,ASN,O,20.482,40.063,-11.249
I,1,ASN,CB,21.343,41.817,-9.19
I,1,ASN,CG,22.206,42.963,-8.76
I,1,ASN,OD1,23.13,43.345,-9.475
I,1,ASN,ND2,21.874,43.576,-7.635
I,1,GLY,N,18.505,41.159,-11.358
I,1,GLY,CA,17.816,40.117,-12.091
I,1,GLY,C,17.952,38.739,-11.491
I,1,GLY,O,17.939,37.747,-12.221
I,1,VAL,N,18.104,38.676,-10.172
I,1,VAL,CA,18.234,37.409,-9.462
I,1,VAL,C,16.919,37.183,-8.735
I,1,VAL,O,16.25,38.148,-8.351
I,1,VAL,CB,19.377,37.453,-8.424
I,1,VAL,CG1,19.496,36.119,-7.715
I,1,VAL,CG2,20.684,37.813,-9.097
I,1,SER,N,16.52,35.927,-8.589
I,1,SER,CA,15.28,35.625,-7.895
I,1,SER,C,15.541,35.312,-6.433
I,1,SER,O,16.6,34.79,-6.067
I,1,SER,CB,14.535,34.473,-8.568
I,1,SER,OG,13.79,34.933,-9.686
I,1,ILE,N,14.587,35.682,-5.589
I,1,ILE,CA,14.713,35.437,-4.168
I,1,ILE,C,14.426,33.961,-3.949
I,1,ILE,O,13.269,33.525,-4.016
I,1,ILE,CB,13.717,36.292,-3.344
I,1,ILE,CG1,14.134,37.765,-3.353
I,1,ILE,CG2,13.643,35.786,-1.912
I,1,ILE,CD1,13.861,38.492,-4.638
I,1,LYS,N,15.486,33.181,-3.774
I,1,LYS,CA,15.312,31.758,-3.535
I,1,LYS,C,14.623,31.633,-2.179
I,1,LYS,O,13.736,30.804,-2.001
I,1,LYS,CB,16.663,31.028,-3.547
I,1,LYS,CG,16.558,29.5,-3.538
I,1,LYS,CD,16.265,28.963,-2.14
I,1,LYS,CE,15.691,27.554,-2.178
I,1,LYS,NZ,15.322,27.075,-0.81
I,1,SER,N,15.002,32.498,-1.242
I,1,SER,CA,14.415,32.48,0.089
I,1,SER,C,14.576,33.8,0.849
I,1,SER,O,15.391,34.654,0.489
I,1,SER,CB,14.981,31.308,0.901
I,1,SER,OG,16.358,31.108,0.622
I,1,GLU,N,13.748,33.965,1.875
I,1,GLU,CA,13.746,35.149,2.72
I,1,GLU,C,14.736,34.936,3.855
I,1,GLU,O,14.507,34.13,4.745
I,1,GLU,CB,12.338,35.367,3.277
I,1,GLU,CG,12.192,36.556,4.206
I,1,GLU,CD,10.767,36.712,4.708
I,1,GLU,OE1,10.35,35.91,5.577
I,1,GLU,OE2,10.064,37.629,4.222
I,1,GLY,N,15.845,35.651,3.815
I,1,GLY,CA,16.841,35.496,4.848
I,1,GLY,C,18.157,35.189,4.186
I,1,GLY,O,18.198,34.916,2.989
I,1,SER,N,19.239,35.268,4.944
I,1,SER,CA,20.558,34.992,4.404
I,1,SER,C,20.612,33.568,3.873
I,1,SER,O,19.921,32.685,4.387
I,1,SER,CB,21.62,35.179,5.488
I,1,SER,OG,21.564,36.487,6.041
I,1,CYS,N,21.377,33.357,2.806
I,1,CYS,CA,21.514,32.018,2.252
I,1,CYS,C,22.254,31.239,3.322
I,1,CYS,O,23.252,31.727,3.865
I,1,CYS,CB,22.358,32.021,0.982
I,1,CYS,SG,21.617,32.857,-0.451
I,1,PRO,N,21.699,30.089,3.73
I,1,PRO,CA,22.326,29.246,4.756
I,1,PRO,C,23.56,28.506,4.216
I,1,PRO,O,23.658,28.321,2.978
I,1,PRO,CB,21.198,28.283,5.133
I,1,PRO,CG,20.422,28.147,3.837
I,1,PRO,CD,20.37,29.574,3.349
